2026-08-02 17:53:08,054 | INFO | Starting simplified benchmark script.
2026-08-02 17:53:08,054 | INFO | Loading Tokenizer, Draft (meta-llama/Llama-3.2-1B), and Target (meta-llama/Llama-3.2-3B)...
2026-08-02 17:53:08,138 | INFO | HTTP Request: HEAD https://huggingface.co/meta-llama/Llama-3.2-3B/resolve/main/config.json "HTTP/1.1 200 OK"
2026-08-02 17:53:08,195 | INFO | HTTP Request: HEAD https://huggingface.co/meta-llama/Llama-3.2-3B/resolve/main/tokenizer_config.json "HTTP/1.1 200 OK"
2026-08-02 17:53:08,243 | INFO | HTTP Request: GET https://huggingface.co/api/models/meta-llama/Llama-3.2-3B/tree/main/additional_chat_templates?recursive=false&expand=false "HTTP/1.1 404 Not Found"
2026-08-02 17:53:08,290 | INFO | HTTP Request: GET https://huggingface.co/api/models/meta-llama/Llama-3.2-3B/tree/main?recursive=true&expand=false "HTTP/1.1 200 OK"
2026-08-02 17:53:09,179 | INFO | HTTP Request: GET https://huggingface.co/api/models/meta-llama/Llama-3.2-3B "HTTP/1.1 200 OK"
2026-08-02 17:53:09,246 | INFO | HTTP Request: HEAD https://huggingface.co/meta-llama/Llama-3.2-1B/resolve/main/config.json "HTTP/1.1 200 OK"
2026-08-02 17:53:09,899 | INFO | HTTP Request: HEAD https://huggingface.co/meta-llama/Llama-3.2-1B/resolve/main/generation_config.json "HTTP/1.1 200 OK"
2026-08-02 17:53:12,129 | INFO | HTTP Request: HEAD https://huggingface.co/meta-llama/Llama-3.2-3B/resolve/main/config.json "HTTP/1.1 200 OK"
2026-08-02 17:53:12,981 | INFO | HTTP Request: HEAD https://huggingface.co/meta-llama/Llama-3.2-3B/resolve/main/generation_config.json "HTTP/1.1 200 OK"
2026-08-02 17:53:15,310 | INFO | Loading JSONL dataset from /home/apneupane22/speculative_decoding/combined_speculative_decoding_dataset.jsonl...
2026-08-02 17:53:15,339 | INFO | Dataset rows: 644
2026-08-02 17:53:15,339 | INFO | Unique selected samples: 644
2026-08-02 17:53:15,339 | INFO | Previously completed: 0
2026-08-02 17:53:15,339 | INFO | Questions remaining: 644
2026-08-02 17:53:15,339 | INFO | Processing sample 1/644 (id=specbench_246, category=summarization)
2026-08-02 17:53:39,166 | INFO | Sample 1/644 | ID: specbench_246 | Category: summarization | Question Time: 23.83s | Baseline: 14.22s | TALON: 9.58s | Overhead: 0.02s | Speedup: 1.48x | Parity: True
2026-08-02 17:53:39,166 | INFO | Question 1/644 finished in 23.83 seconds
2026-08-02 17:53:39,166 | INFO | Processing sample 2/644 (id=specbench_164, category=translation)
2026-08-02 17:54:00,041 | INFO | Sample 2/644 | ID: specbench_164 | Category: translation | Question Time: 20.87s | Baseline: 12.21s | TALON: 8.66s | Overhead: 0.00s | Speedup: 1.41x | Parity: True
2026-08-02 17:54:00,041 | INFO | Question 2/644 finished in 20.87 seconds
2026-08-02 17:54:00,041 | INFO | Processing sample 3/644 (id=HumanEval_156, category=humaneval)
2026-08-02 17:54:05,675 | INFO | Sample 3/644 | ID: HumanEval_156 | Category: humaneval | Question Time: 5.63s | Baseline: 3.18s | TALON: 2.45s | Overhead: 0.00s | Speedup: 1.30x | Parity: True
2026-08-02 17:54:05,675 | INFO | Question 3/644 finished in 5.63 seconds
2026-08-02 17:54:05,675 | INFO | Processing sample 4/644 (id=specbench_92, category=roleplay)
2026-08-02 17:54:27,565 | INFO | Sample 4/644 | ID: specbench_92 | Category: roleplay | Question Time: 21.89s | Baseline: 12.30s | TALON: 9.59s | Overhead: 0.00s | Speedup: 1.28x | Parity: True
2026-08-02 17:54:27,565 | INFO | Question 4/644 finished in 21.89 seconds
2026-08-02 17:54:27,565 | INFO | Processing sample 5/644 (id=specbench_167, category=translation)
2026-08-02 17:54:48,466 | INFO | Sample 5/644 | ID: specbench_167 | Category: translation | Question Time: 20.90s | Baseline: 12.29s | TALON: 8.61s | Overhead: 0.00s | Speedup: 1.43x | Parity: True
2026-08-02 17:54:48,466 | INFO | Question 5/644 finished in 20.90 seconds
2026-08-02 17:54:48,466 | INFO | Processing sample 6/644 (id=specbench_294, category=summarization)
2026-08-02 17:55:08,384 | INFO | Sample 6/644 | ID: specbench_294 | Category: summarization | Question Time: 19.92s | Baseline: 11.71s | TALON: 8.20s | Overhead: 0.01s | Speedup: 1.43x | Parity: True
2026-08-02 17:55:08,384 | INFO | Question 6/644 finished in 19.92 seconds
2026-08-02 17:55:08,384 | INFO | Processing sample 7/644 (id=HumanEval_47, category=humaneval)
2026-08-02 17:55:29,753 | INFO | Sample 7/644 | ID: HumanEval_47 | Category: humaneval | Question Time: 21.37s | Baseline: 12.37s | TALON: 9.00s | Overhead: 0.00s | Speedup: 1.37x | Parity: True
2026-08-02 17:55:29,753 | INFO | Question 7/644 finished in 21.37 seconds
2026-08-02 17:55:29,753 | INFO | Processing sample 8/644 (id=specbench_530, category=rag)
2026-08-02 17:55:52,966 | INFO | Sample 8/644 | ID: specbench_530 | Category: rag | Question Time: 23.21s | Baseline: 13.76s | TALON: 9.45s | Overhead: 0.01s | Speedup: 1.46x | Parity: True
2026-08-02 17:55:52,966 | INFO | Question 8/644 finished in 23.21 seconds
2026-08-02 17:55:52,966 | INFO | Processing sample 9/644 (id=specbench_423, category=math_reasoning)
2026-08-02 17:55:54,590 | INFO | Sample 9/644 | ID: specbench_423 | Category: math_reasoning | Question Time: 1.62s | Baseline: 0.84s | TALON: 0.78s | Overhead: 0.00s | Speedup: 1.07x | Parity: True
2026-08-02 17:55:54,590 | INFO | Question 9/644 finished in 1.62 seconds
2026-08-02 17:55:54,590 | INFO | Processing sample 10/644 (id=HumanEval_144, category=humaneval)
2026-08-02 17:55:55,079 | INFO | Sample 10/644 | ID: HumanEval_144 | Category: humaneval | Question Time: 0.49s | Baseline: 0.20s | TALON: 0.29s | Overhead: 0.00s | Speedup: 0.69x | Parity: True
2026-08-02 17:55:55,079 | INFO | Question 10/644 finished in 0.49 seconds
2026-08-02 17:55:55,079 | INFO | Processing sample 11/644 (id=specbench_259, category=summarization)
2026-08-02 17:56:16,725 | INFO | Sample 11/644 | ID: specbench_259 | Category: summarization | Question Time: 21.65s | Baseline: 12.77s | TALON: 8.87s | Overhead: 0.00s | Speedup: 1.44x | Parity: True
2026-08-02 17:56:16,725 | INFO | Question 11/644 finished in 21.65 seconds
2026-08-02 17:56:16,725 | INFO | Processing sample 12/644 (id=HumanEval_35, category=humaneval)
2026-08-02 17:56:17,169 | INFO | Sample 12/644 | ID: HumanEval_35 | Category: humaneval | Question Time: 0.44s | Baseline: 0.19s | TALON: 0.25s | Overhead: 0.00s | Speedup: 0.76x | Parity: True
2026-08-02 17:56:17,169 | INFO | Question 12/644 finished in 0.44 seconds
2026-08-02 17:56:17,169 | INFO | Processing sample 13/644 (id=specbench_483, category=rag)
2026-08-02 17:56:40,913 | INFO | Sample 13/644 | ID: specbench_483 | Category: rag | Question Time: 23.74s | Baseline: 14.00s | TALON: 9.73s | Overhead: 0.01s | Speedup: 1.44x | Parity: True
2026-08-02 17:56:40,913 | INFO | Question 13/644 finished in 23.74 seconds
2026-08-02 17:56:40,913 | INFO | Processing sample 14/644 (id=HumanEval_24, category=humaneval)
2026-08-02 17:56:42,221 | INFO | Sample 14/644 | ID: HumanEval_24 | Category: humaneval | Question Time: 1.31s | Baseline: 0.67s | TALON: 0.64s | Overhead: 0.00s | Speedup: 1.05x | Parity: True
2026-08-02 17:56:42,221 | INFO | Question 14/644 finished in 1.31 seconds
2026-08-02 17:56:42,221 | INFO | Processing sample 15/644 (id=specbench_284, category=summarization)
2026-08-02 17:57:05,445 | INFO | Sample 15/644 | ID: specbench_284 | Category: summarization | Question Time: 23.22s | Baseline: 13.79s | TALON: 9.43s | Overhead: 0.01s | Speedup: 1.46x | Parity: True
2026-08-02 17:57:05,445 | INFO | Question 15/644 finished in 23.22 seconds
2026-08-02 17:57:05,445 | INFO | Processing sample 16/644 (id=specbench_494, category=rag)
2026-08-02 17:57:30,878 | INFO | Sample 16/644 | ID: specbench_494 | Category: rag | Question Time: 25.43s | Baseline: 14.13s | TALON: 11.29s | Overhead: 0.01s | Speedup: 1.25x | Parity: True
2026-08-02 17:57:30,878 | INFO | Question 16/644 finished in 25.43 seconds
2026-08-02 17:57:30,878 | INFO | Processing sample 17/644 (id=HumanEval_15, category=humaneval)
2026-08-02 17:57:31,705 | INFO | Sample 17/644 | ID: HumanEval_15 | Category: humaneval | Question Time: 0.83s | Baseline: 0.41s | TALON: 0.41s | Overhead: 0.00s | Speedup: 1.00x | Parity: True
2026-08-02 17:57:31,705 | INFO | Question 17/644 finished in 0.83 seconds
2026-08-02 17:57:31,705 | INFO | Processing sample 18/644 (id=HumanEval_76, category=humaneval)
2026-08-02 17:57:32,388 | INFO | Sample 18/644 | ID: HumanEval_76 | Category: humaneval | Question Time: 0.68s | Baseline: 0.31s | TALON: 0.37s | Overhead: 0.00s | Speedup: 0.84x | Parity: True
2026-08-02 17:57:32,388 | INFO | Question 18/644 finished in 0.68 seconds
2026-08-02 17:57:32,388 | INFO | Processing sample 19/644 (id=specbench_151, category=humanities)
2026-08-02 17:57:53,272 | INFO | Sample 19/644 | ID: specbench_151 | Category: humanities | Question Time: 20.88s | Baseline: 12.19s | TALON: 8.69s | Overhead: 0.00s | Speedup: 1.40x | Parity: True
2026-08-02 17:57:53,272 | INFO | Question 19/644 finished in 20.88 seconds
2026-08-02 17:57:53,272 | INFO | Processing sample 20/644 (id=specbench_378, category=qa)
2026-08-02 17:58:15,659 | INFO | Sample 20/644 | ID: specbench_378 | Category: qa | Question Time: 22.39s | Baseline: 12.17s | TALON: 10.22s | Overhead: 0.00s | Speedup: 1.19x | Parity: True
2026-08-02 17:58:15,659 | INFO | Question 20/644 finished in 22.39 seconds
2026-08-02 17:58:15,659 | INFO | Processing sample 21/644 (id=HumanEval_33, category=humaneval)
2026-08-02 17:58:17,588 | INFO | Sample 21/644 | ID: HumanEval_33 | Category: humaneval | Question Time: 1.93s | Baseline: 0.97s | TALON: 0.96s | Overhead: 0.00s | Speedup: 1.01x | Parity: True
2026-08-02 17:58:17,588 | INFO | Question 21/644 finished in 1.93 seconds
2026-08-02 17:58:17,588 | INFO | Processing sample 22/644 (id=HumanEval_83, category=humaneval)
2026-08-02 17:58:19,677 | INFO | Sample 22/644 | ID: HumanEval_83 | Category: humaneval | Question Time: 2.09s | Baseline: 1.11s | TALON: 0.97s | Overhead: 0.00s | Speedup: 1.14x | Parity: True
2026-08-02 17:58:19,677 | INFO | Question 22/644 finished in 2.09 seconds
2026-08-02 17:58:19,677 | INFO | Processing sample 23/644 (id=specbench_407, category=math_reasoning)
2026-08-02 17:58:40,632 | INFO | Sample 23/644 | ID: specbench_407 | Category: math_reasoning | Question Time: 20.95s | Baseline: 12.23s | TALON: 8.73s | Overhead: 0.00s | Speedup: 1.40x | Parity: True
2026-08-02 17:58:40,632 | INFO | Question 23/644 finished in 20.95 seconds
2026-08-02 17:58:40,632 | INFO | Processing sample 24/644 (id=specbench_230, category=translation)
2026-08-02 17:59:01,362 | INFO | Sample 24/644 | ID: specbench_230 | Category: translation | Question Time: 20.73s | Baseline: 12.21s | TALON: 8.51s | Overhead: 0.00s | Speedup: 1.43x | Parity: True
2026-08-02 17:59:01,362 | INFO | Question 24/644 finished in 20.73 seconds
2026-08-02 17:59:01,362 | INFO | Processing sample 25/644 (id=specbench_86, category=writing)
2026-08-02 17:59:23,446 | INFO | Sample 25/644 | ID: specbench_86 | Category: writing | Question Time: 22.08s | Baseline: 12.19s | TALON: 9.89s | Overhead: 0.00s | Speedup: 1.23x | Parity: True
2026-08-02 17:59:23,446 | INFO | Question 25/644 finished in 22.08 seconds
2026-08-02 17:59:23,446 | INFO | Processing sample 26/644 (id=specbench_344, category=qa)
2026-08-02 17:59:44,674 | INFO | Sample 26/644 | ID: specbench_344 | Category: qa | Question Time: 21.23s | Baseline: 12.17s | TALON: 9.06s | Overhead: 0.00s | Speedup: 1.34x | Parity: True
2026-08-02 17:59:44,674 | INFO | Question 26/644 finished in 21.23 seconds
2026-08-02 17:59:44,674 | INFO | Processing sample 27/644 (id=HumanEval_137, category=humaneval)
2026-08-02 17:59:48,235 | INFO | Sample 27/644 | ID: HumanEval_137 | Category: humaneval | Question Time: 3.56s | Baseline: 1.89s | TALON: 1.67s | Overhead: 0.00s | Speedup: 1.14x | Parity: True
2026-08-02 17:59:48,235 | INFO | Question 27/644 finished in 3.56 seconds
2026-08-02 17:59:48,235 | INFO | Processing sample 28/644 (id=HumanEval_62, category=humaneval)
2026-08-02 18:00:09,318 | INFO | Sample 28/644 | ID: HumanEval_62 | Category: humaneval | Question Time: 21.08s | Baseline: 12.36s | TALON: 8.72s | Overhead: 0.00s | Speedup: 1.42x | Parity: True
2026-08-02 18:00:09,318 | INFO | Question 28/644 finished in 21.08 seconds
2026-08-02 18:00:09,318 | INFO | Processing sample 29/644 (id=specbench_84, category=writing)
2026-08-02 18:00:32,000 | INFO | Sample 29/644 | ID: specbench_84 | Category: writing | Question Time: 22.68s | Baseline: 12.22s | TALON: 10.46s | Overhead: 0.00s | Speedup: 1.17x | Parity: True
2026-08-02 18:00:32,000 | INFO | Question 29/644 finished in 22.68 seconds
2026-08-02 18:00:32,000 | INFO | Processing sample 30/644 (id=HumanEval_80, category=humaneval)
2026-08-02 18:00:34,379 | INFO | Sample 30/644 | ID: HumanEval_80 | Category: humaneval | Question Time: 2.38s | Baseline: 1.27s | TALON: 1.10s | Overhead: 0.00s | Speedup: 1.16x | Parity: True
2026-08-02 18:00:34,380 | INFO | Question 30/644 finished in 2.38 seconds
2026-08-02 18:00:34,380 | INFO | Processing sample 31/644 (id=specbench_178, category=translation)
2026-08-02 18:00:55,311 | INFO | Sample 31/644 | ID: specbench_178 | Category: translation | Question Time: 20.93s | Baseline: 12.31s | TALON: 8.62s | Overhead: 0.00s | Speedup: 1.43x | Parity: True
2026-08-02 18:00:55,312 | INFO | Question 31/644 finished in 20.93 seconds
2026-08-02 18:00:55,312 | INFO | Processing sample 32/644 (id=HumanEval_143, category=humaneval)
2026-08-02 18:00:57,148 | INFO | Sample 32/644 | ID: HumanEval_143 | Category: humaneval | Question Time: 1.84s | Baseline: 0.91s | TALON: 0.92s | Overhead: 0.00s | Speedup: 1.00x | Parity: True
2026-08-02 18:00:57,148 | INFO | Question 32/644 finished in 1.84 seconds
2026-08-02 18:00:57,148 | INFO | Processing sample 33/644 (id=specbench_307, category=summarization)
2026-08-02 18:01:11,505 | INFO | Sample 33/644 | ID: specbench_307 | Category: summarization | Question Time: 14.36s | Baseline: 8.35s | TALON: 5.99s | Overhead: 0.01s | Speedup: 1.39x | Parity: True
2026-08-02 18:01:11,505 | INFO | Question 33/644 finished in 14.36 seconds
2026-08-02 18:01:11,505 | INFO | Processing sample 34/644 (id=specbench_354, category=qa)
2026-08-02 18:01:32,311 | INFO | Sample 34/644 | ID: specbench_354 | Category: qa | Question Time: 20.81s | Baseline: 12.17s | TALON: 8.64s | Overhead: 0.00s | Speedup: 1.41x | Parity: True
2026-08-02 18:01:32,311 | INFO | Question 34/644 finished in 20.81 seconds
2026-08-02 18:01:32,311 | INFO | Processing sample 35/644 (id=specbench_88, category=writing)
2026-08-02 18:01:53,631 | INFO | Sample 35/644 | ID: specbench_88 | Category: writing | Question Time: 21.32s | Baseline: 12.20s | TALON: 9.12s | Overhead: 0.00s | Speedup: 1.34x | Parity: True
2026-08-02 18:01:53,631 | INFO | Question 35/644 finished in 21.32 seconds
2026-08-02 18:01:53,631 | INFO | Processing sample 36/644 (id=specbench_215, category=translation)
2026-08-02 18:02:14,942 | INFO | Sample 36/644 | ID: specbench_215 | Category: translation | Question Time: 21.31s | Baseline: 12.31s | TALON: 9.00s | Overhead: 0.00s | Speedup: 1.37x | Parity: True
2026-08-02 18:02:14,942 | INFO | Question 36/644 finished in 21.31 seconds
2026-08-02 18:02:14,942 | INFO | Processing sample 37/644 (id=specbench_214, category=translation)
2026-08-02 18:02:35,708 | INFO | Sample 37/644 | ID: specbench_214 | Category: translation | Question Time: 20.77s | Baseline: 12.22s | TALON: 8.54s | Overhead: 0.00s | Speedup: 1.43x | Parity: True
2026-08-02 18:02:35,708 | INFO | Question 37/644 finished in 20.77 seconds
2026-08-02 18:02:35,708 | INFO | Processing sample 38/644 (id=HumanEval_132, category=humaneval)
2026-08-02 18:02:37,905 | INFO | Sample 38/644 | ID: HumanEval_132 | Category: humaneval | Question Time: 2.20s | Baseline: 1.15s | TALON: 1.05s | Overhead: 0.00s | Speedup: 1.09x | Parity: True
2026-08-02 18:02:37,905 | INFO | Question 38/644 finished in 2.20 seconds
2026-08-02 18:02:37,905 | INFO | Processing sample 39/644 (id=specbench_177, category=translation)
2026-08-02 18:02:58,718 | INFO | Sample 39/644 | ID: specbench_177 | Category: translation | Question Time: 20.81s | Baseline: 12.23s | TALON: 8.58s | Overhead: 0.00s | Speedup: 1.42x | Parity: True
2026-08-02 18:02:58,718 | INFO | Question 39/644 finished in 20.81 seconds
2026-08-02 18:02:58,718 | INFO | Processing sample 40/644 (id=specbench_179, category=translation)
2026-08-02 18:03:19,877 | INFO | Sample 40/644 | ID: specbench_179 | Category: translation | Question Time: 21.16s | Baseline: 12.34s | TALON: 8.82s | Overhead: 0.00s | Speedup: 1.40x | Parity: True
2026-08-02 18:03:19,877 | INFO | Question 40/644 finished in 21.16 seconds
2026-08-02 18:03:19,877 | INFO | Processing sample 41/644 (id=specbench_202, category=translation)
2026-08-02 18:03:40,728 | INFO | Sample 41/644 | ID: specbench_202 | Category: translation | Question Time: 20.85s | Baseline: 12.18s | TALON: 8.67s | Overhead: 0.00s | Speedup: 1.41x | Parity: True
2026-08-02 18:03:40,728 | INFO | Question 41/644 finished in 20.85 seconds
2026-08-02 18:03:40,728 | INFO | Processing sample 42/644 (id=specbench_316, category=summarization)
2026-08-02 18:04:08,135 | INFO | Sample 42/644 | ID: specbench_316 | Category: summarization | Question Time: 27.41s | Baseline: 15.68s | TALON: 11.71s | Overhead: 0.02s | Speedup: 1.34x | Parity: True
2026-08-02 18:04:08,135 | INFO | Question 42/644 finished in 27.41 seconds
2026-08-02 18:04:08,135 | INFO | Processing sample 43/644 (id=specbench_461, category=math_reasoning)
2026-08-02 18:04:09,729 | INFO | Sample 43/644 | ID: specbench_461 | Category: math_reasoning | Question Time: 1.59s | Baseline: 0.85s | TALON: 0.74s | Overhead: 0.00s | Speedup: 1.15x | Parity: True
2026-08-02 18:04:09,729 | INFO | Question 43/644 finished in 1.59 seconds
2026-08-02 18:04:09,729 | INFO | Processing sample 44/644 (id=HumanEval_84, category=humaneval)
2026-08-02 18:04:10,950 | INFO | Sample 44/644 | ID: HumanEval_84 | Category: humaneval | Question Time: 1.22s | Baseline: 0.61s | TALON: 0.61s | Overhead: 0.00s | Speedup: 1.01x | Parity: True
2026-08-02 18:04:10,950 | INFO | Question 44/644 finished in 1.22 seconds
2026-08-02 18:04:10,950 | INFO | Processing sample 45/644 (id=specbench_361, category=qa)
2026-08-02 18:04:32,547 | INFO | Sample 45/644 | ID: specbench_361 | Category: qa | Question Time: 21.60s | Baseline: 12.18s | TALON: 9.42s | Overhead: 0.00s | Speedup: 1.29x | Parity: True
2026-08-02 18:04:32,547 | INFO | Question 45/644 finished in 21.60 seconds
2026-08-02 18:04:32,547 | INFO | Processing sample 46/644 (id=specbench_362, category=qa)
2026-08-02 18:04:34,060 | INFO | Sample 46/644 | ID: specbench_362 | Category: qa | Question Time: 1.51s | Baseline: 0.75s | TALON: 0.76s | Overhead: 0.00s | Speedup: 0.98x | Parity: True
2026-08-02 18:04:34,060 | INFO | Question 46/644 finished in 1.51 seconds
2026-08-02 18:04:34,060 | INFO | Processing sample 47/644 (id=specbench_125, category=coding)
2026-08-02 18:04:56,054 | INFO | Sample 47/644 | ID: specbench_125 | Category: coding | Question Time: 21.99s | Baseline: 12.20s | TALON: 9.79s | Overhead: 0.00s | Speedup: 1.25x | Parity: True
2026-08-02 18:04:56,054 | INFO | Question 47/644 finished in 21.99 seconds
2026-08-02 18:04:56,054 | INFO | Processing sample 48/644 (id=specbench_91, category=roleplay)
2026-08-02 18:05:16,990 | INFO | Sample 48/644 | ID: specbench_91 | Category: roleplay | Question Time: 20.94s | Baseline: 12.23s | TALON: 8.70s | Overhead: 0.00s | Speedup: 1.41x | Parity: True
2026-08-02 18:05:16,990 | INFO | Question 48/644 finished in 20.94 seconds
2026-08-02 18:05:16,990 | INFO | Processing sample 49/644 (id=HumanEval_159, category=humaneval)
2026-08-02 18:05:18,957 | INFO | Sample 49/644 | ID: HumanEval_159 | Category: humaneval | Question Time: 1.97s | Baseline: 0.95s | TALON: 1.01s | Overhead: 0.00s | Speedup: 0.94x | Parity: True
2026-08-02 18:05:18,957 | INFO | Question 49/644 finished in 1.97 seconds
2026-08-02 18:05:18,958 | INFO | Processing sample 50/644 (id=specbench_89, category=writing)
2026-08-02 18:05:37,330 | INFO | Sample 50/644 | ID: specbench_89 | Category: writing | Question Time: 18.37s | Baseline: 10.35s | TALON: 8.02s | Overhead: 0.00s | Speedup: 1.29x | Parity: True
2026-08-02 18:05:37,330 | INFO | Question 50/644 finished in 18.37 seconds
2026-08-02 18:05:37,330 | INFO | Processing sample 51/644 (id=specbench_159, category=humanities)
2026-08-02 18:05:58,018 | INFO | Sample 51/644 | ID: specbench_159 | Category: humanities | Question Time: 20.69s | Baseline: 12.18s | TALON: 8.51s | Overhead: 0.00s | Speedup: 1.43x | Parity: True
2026-08-02 18:05:58,018 | INFO | Question 51/644 finished in 20.69 seconds
2026-08-02 18:05:58,019 | INFO | Processing sample 52/644 (id=HumanEval_138, category=humaneval)
2026-08-02 18:05:59,153 | INFO | Sample 52/644 | ID: HumanEval_138 | Category: humaneval | Question Time: 1.13s | Baseline: 0.54s | TALON: 0.59s | Overhead: 0.00s | Speedup: 0.90x | Parity: True
2026-08-02 18:05:59,153 | INFO | Question 52/644 finished in 1.13 seconds
2026-08-02 18:05:59,153 | INFO | Processing sample 53/644 (id=specbench_526, category=rag)
2026-08-02 18:06:23,283 | INFO | Sample 53/644 | ID: specbench_526 | Category: rag | Question Time: 24.13s | Baseline: 13.84s | TALON: 10.29s | Overhead: 0.01s | Speedup: 1.34x | Parity: True
2026-08-02 18:06:23,283 | INFO | Question 53/644 finished in 24.13 seconds
2026-08-02 18:06:23,284 | INFO | Processing sample 54/644 (id=specbench_556, category=rag)
2026-08-02 18:06:47,540 | INFO | Sample 54/644 | ID: specbench_556 | Category: rag | Question Time: 24.26s | Baseline: 13.80s | TALON: 10.44s | Overhead: 0.01s | Speedup: 1.32x | Parity: True
2026-08-02 18:06:47,540 | INFO | Question 54/644 finished in 24.26 seconds
2026-08-02 18:06:47,540 | INFO | Processing sample 55/644 (id=specbench_288, category=summarization)
2026-08-02 18:07:15,297 | INFO | Sample 55/644 | ID: specbench_288 | Category: summarization | Question Time: 27.76s | Baseline: 15.82s | TALON: 11.92s | Overhead: 0.01s | Speedup: 1.33x | Parity: True
2026-08-02 18:07:15,297 | INFO | Question 55/644 finished in 27.76 seconds
2026-08-02 18:07:15,297 | INFO | Processing sample 56/644 (id=specbench_268, category=summarization)
2026-08-02 18:07:18,236 | INFO | Sample 56/644 | ID: specbench_268 | Category: summarization | Question Time: 2.94s | Baseline: 1.37s | TALON: 1.57s | Overhead: 0.00s | Speedup: 0.87x | Parity: True
2026-08-02 18:07:18,236 | INFO | Question 56/644 finished in 2.94 seconds
2026-08-02 18:07:18,236 | INFO | Processing sample 57/644 (id=specbench_376, category=qa)
2026-08-02 18:07:19,623 | INFO | Sample 57/644 | ID: specbench_376 | Category: qa | Question Time: 1.39s | Baseline: 0.70s | TALON: 0.69s | Overhead: 0.00s | Speedup: 1.02x | Parity: True
2026-08-02 18:07:19,623 | INFO | Question 57/644 finished in 1.39 seconds
2026-08-02 18:07:19,623 | INFO | Processing sample 58/644 (id=specbench_347, category=qa)
2026-08-02 18:07:43,993 | INFO | Sample 58/644 | ID: specbench_347 | Category: qa | Question Time: 24.37s | Baseline: 12.17s | TALON: 12.19s | Overhead: 0.00s | Speedup: 1.00x | Parity: True
2026-08-02 18:07:43,993 | INFO | Question 58/644 finished in 24.37 seconds
2026-08-02 18:07:43,993 | INFO | Processing sample 59/644 (id=HumanEval_163, category=humaneval)
2026-08-02 18:07:45,193 | INFO | Sample 59/644 | ID: HumanEval_163 | Category: humaneval | Question Time: 1.20s | Baseline: 0.60s | TALON: 0.60s | Overhead: 0.00s | Speedup: 1.01x | Parity: True
2026-08-02 18:07:45,193 | INFO | Question 59/644 finished in 1.20 seconds
2026-08-02 18:07:45,193 | INFO | Processing sample 60/644 (id=specbench_345, category=qa)
2026-08-02 18:07:46,433 | INFO | Sample 60/644 | ID: specbench_345 | Category: qa | Question Time: 1.24s | Baseline: 0.65s | TALON: 0.58s | Overhead: 0.00s | Speedup: 1.12x | Parity: True
2026-08-02 18:07:46,433 | INFO | Question 60/644 finished in 1.24 seconds
2026-08-02 18:07:46,433 | INFO | Processing sample 61/644 (id=specbench_445, category=math_reasoning)
2026-08-02 18:07:48,195 | INFO | Sample 61/644 | ID: specbench_445 | Category: math_reasoning | Question Time: 1.76s | Baseline: 0.89s | TALON: 0.87s | Overhead: 0.00s | Speedup: 1.02x | Parity: True
2026-08-02 18:07:48,195 | INFO | Question 61/644 finished in 1.76 seconds
2026-08-02 18:07:48,195 | INFO | Processing sample 62/644 (id=specbench_447, category=math_reasoning)
2026-08-02 18:07:49,342 | INFO | Sample 62/644 | ID: specbench_447 | Category: math_reasoning | Question Time: 1.15s | Baseline: 0.58s | TALON: 0.57s | Overhead: 0.00s | Speedup: 1.01x | Parity: True
2026-08-02 18:07:49,342 | INFO | Question 62/644 finished in 1.15 seconds
2026-08-02 18:07:49,342 | INFO | Processing sample 63/644 (id=specbench_395, category=qa)
2026-08-02 18:08:12,326 | INFO | Sample 63/644 | ID: specbench_395 | Category: qa | Question Time: 22.98s | Baseline: 12.16s | TALON: 10.82s | Overhead: 0.00s | Speedup: 1.12x | Parity: True
2026-08-02 18:08:12,326 | INFO | Question 63/644 finished in 22.98 seconds
2026-08-02 18:08:12,326 | INFO | Processing sample 64/644 (id=specbench_542, category=rag)
2026-08-02 18:08:36,196 | INFO | Sample 64/644 | ID: specbench_542 | Category: rag | Question Time: 23.87s | Baseline: 13.80s | TALON: 10.06s | Overhead: 0.01s | Speedup: 1.37x | Parity: True
2026-08-02 18:08:36,196 | INFO | Question 64/644 finished in 23.87 seconds
2026-08-02 18:08:36,196 | INFO | Processing sample 65/644 (id=HumanEval_93, category=humaneval)
2026-08-02 18:08:38,505 | INFO | Sample 65/644 | ID: HumanEval_93 | Category: humaneval | Question Time: 2.31s | Baseline: 1.20s | TALON: 1.10s | Overhead: 0.00s | Speedup: 1.09x | Parity: True
2026-08-02 18:08:38,505 | INFO | Question 65/644 finished in 2.31 seconds
2026-08-02 18:08:38,506 | INFO | Processing sample 66/644 (id=HumanEval_53, category=humaneval)
2026-08-02 18:09:00,034 | INFO | Sample 66/644 | ID: HumanEval_53 | Category: humaneval | Question Time: 21.53s | Baseline: 12.24s | TALON: 9.28s | Overhead: 0.00s | Speedup: 1.32x | Parity: True
2026-08-02 18:09:00,034 | INFO | Question 66/644 finished in 21.53 seconds
2026-08-02 18:09:00,034 | INFO | Processing sample 67/644 (id=HumanEval_136, category=humaneval)
2026-08-02 18:09:02,787 | INFO | Sample 67/644 | ID: HumanEval_136 | Category: humaneval | Question Time: 2.75s | Baseline: 1.44s | TALON: 1.31s | Overhead: 0.00s | Speedup: 1.10x | Parity: True
2026-08-02 18:09:02,787 | INFO | Question 67/644 finished in 2.75 seconds
2026-08-02 18:09:02,787 | INFO | Processing sample 68/644 (id=HumanEval_90, category=humaneval)
2026-08-02 18:09:06,813 | INFO | Sample 68/644 | ID: HumanEval_90 | Category: humaneval | Question Time: 4.03s | Baseline: 2.16s | TALON: 1.86s | Overhead: 0.00s | Speedup: 1.16x | Parity: True
2026-08-02 18:09:06,813 | INFO | Question 68/644 finished in 4.03 seconds
2026-08-02 18:09:06,813 | INFO | Processing sample 69/644 (id=specbench_433, category=math_reasoning)
2026-08-02 18:09:08,141 | INFO | Sample 69/644 | ID: specbench_433 | Category: math_reasoning | Question Time: 1.33s | Baseline: 0.67s | TALON: 0.65s | Overhead: 0.00s | Speedup: 1.02x | Parity: True
2026-08-02 18:09:08,141 | INFO | Question 69/644 finished in 1.33 seconds
2026-08-02 18:09:08,141 | INFO | Processing sample 70/644 (id=specbench_507, category=rag)
2026-08-02 18:09:33,314 | INFO | Sample 70/644 | ID: specbench_507 | Category: rag | Question Time: 25.17s | Baseline: 13.82s | TALON: 11.34s | Overhead: 0.01s | Speedup: 1.22x | Parity: True
2026-08-02 18:09:33,314 | INFO | Question 70/644 finished in 25.17 seconds
2026-08-02 18:09:33,314 | INFO | Processing sample 71/644 (id=specbench_273, category=summarization)
2026-08-02 18:09:59,285 | INFO | Sample 71/644 | ID: specbench_273 | Category: summarization | Question Time: 25.97s | Baseline: 15.34s | TALON: 10.61s | Overhead: 0.01s | Speedup: 1.45x | Parity: True
2026-08-02 18:09:59,285 | INFO | Question 71/644 finished in 25.97 seconds
2026-08-02 18:09:59,285 | INFO | Processing sample 72/644 (id=specbench_380, category=qa)
2026-08-02 18:10:20,201 | INFO | Sample 72/644 | ID: specbench_380 | Category: qa | Question Time: 20.92s | Baseline: 12.19s | TALON: 8.72s | Overhead: 0.00s | Speedup: 1.40x | Parity: True
2026-08-02 18:10:20,201 | INFO | Question 72/644 finished in 20.92 seconds
2026-08-02 18:10:20,201 | INFO | Processing sample 73/644 (id=specbench_116, category=math)
2026-08-02 18:10:41,560 | INFO | Sample 73/644 | ID: specbench_116 | Category: math | Question Time: 21.36s | Baseline: 12.17s | TALON: 9.18s | Overhead: 0.00s | Speedup: 1.33x | Parity: True
2026-08-02 18:10:41,560 | INFO | Question 73/644 finished in 21.36 seconds
2026-08-02 18:10:41,560 | INFO | Processing sample 74/644 (id=specbench_314, category=summarization)
2026-08-02 18:11:04,829 | INFO | Sample 74/644 | ID: specbench_314 | Category: summarization | Question Time: 23.27s | Baseline: 13.30s | TALON: 9.96s | Overhead: 0.01s | Speedup: 1.34x | Parity: True
2026-08-02 18:11:04,829 | INFO | Question 74/644 finished in 23.27 seconds
2026-08-02 18:11:04,829 | INFO | Processing sample 75/644 (id=specbench_477, category=math_reasoning)
2026-08-02 18:11:06,982 | INFO | Sample 75/644 | ID: specbench_477 | Category: math_reasoning | Question Time: 2.15s | Baseline: 1.13s | TALON: 1.02s | Overhead: 0.00s | Speedup: 1.11x | Parity: True
2026-08-02 18:11:06,982 | INFO | Question 75/644 finished in 2.15 seconds
2026-08-02 18:11:06,982 | INFO | Processing sample 76/644 (id=specbench_415, category=math_reasoning)
2026-08-02 18:11:08,383 | INFO | Sample 76/644 | ID: specbench_415 | Category: math_reasoning | Question Time: 1.40s | Baseline: 0.71s | TALON: 0.69s | Overhead: 0.00s | Speedup: 1.02x | Parity: True
2026-08-02 18:11:08,383 | INFO | Question 76/644 finished in 1.40 seconds
2026-08-02 18:11:08,383 | INFO | Processing sample 77/644 (id=specbench_394, category=qa)
2026-08-02 18:11:09,337 | INFO | Sample 77/644 | ID: specbench_394 | Category: qa | Question Time: 0.95s | Baseline: 0.49s | TALON: 0.46s | Overhead: 0.00s | Speedup: 1.07x | Parity: True
2026-08-02 18:11:09,337 | INFO | Question 77/644 finished in 0.95 seconds
2026-08-02 18:11:09,337 | INFO | Processing sample 78/644 (id=specbench_186, category=translation)
2026-08-02 18:11:30,138 | INFO | Sample 78/644 | ID: specbench_186 | Category: translation | Question Time: 20.80s | Baseline: 12.23s | TALON: 8.57s | Overhead: 0.00s | Speedup: 1.43x | Parity: True
2026-08-02 18:11:30,138 | INFO | Question 78/644 finished in 20.80 seconds
2026-08-02 18:11:30,138 | INFO | Processing sample 79/644 (id=specbench_392, category=qa)
2026-08-02 18:11:51,093 | INFO | Sample 79/644 | ID: specbench_392 | Category: qa | Question Time: 20.95s | Baseline: 12.17s | TALON: 8.78s | Overhead: 0.00s | Speedup: 1.39x | Parity: True
2026-08-02 18:11:51,093 | INFO | Question 79/644 finished in 20.95 seconds
2026-08-02 18:11:51,093 | INFO | Processing sample 80/644 (id=HumanEval_64, category=humaneval)
2026-08-02 18:11:52,830 | INFO | Sample 80/644 | ID: HumanEval_64 | Category: humaneval | Question Time: 1.74s | Baseline: 0.90s | TALON: 0.83s | Overhead: 0.00s | Speedup: 1.09x | Parity: True
2026-08-02 18:11:52,830 | INFO | Question 80/644 finished in 1.74 seconds
2026-08-02 18:11:52,831 | INFO | Processing sample 81/644 (id=specbench_169, category=translation)
2026-08-02 18:12:13,643 | INFO | Sample 81/644 | ID: specbench_169 | Category: translation | Question Time: 20.81s | Baseline: 12.24s | TALON: 8.57s | Overhead: 0.00s | Speedup: 1.43x | Parity: True
2026-08-02 18:12:13,643 | INFO | Question 81/644 finished in 20.81 seconds
2026-08-02 18:12:13,643 | INFO | Processing sample 82/644 (id=specbench_189, category=translation)
2026-08-02 18:12:34,780 | INFO | Sample 82/644 | ID: specbench_189 | Category: translation | Question Time: 21.14s | Baseline: 12.19s | TALON: 8.94s | Overhead: 0.00s | Speedup: 1.36x | Parity: True
2026-08-02 18:12:34,780 | INFO | Question 82/644 finished in 21.14 seconds
2026-08-02 18:12:34,780 | INFO | Processing sample 83/644 (id=specbench_97, category=roleplay)
2026-08-02 18:12:55,883 | INFO | Sample 83/644 | ID: specbench_97 | Category: roleplay | Question Time: 21.10s | Baseline: 12.31s | TALON: 8.79s | Overhead: 0.00s | Speedup: 1.40x | Parity: True
2026-08-02 18:12:55,883 | INFO | Question 83/644 finished in 21.10 seconds
2026-08-02 18:12:55,883 | INFO | Processing sample 84/644 (id=HumanEval_32, category=humaneval)
2026-08-02 18:13:19,107 | INFO | Sample 84/644 | ID: HumanEval_32 | Category: humaneval | Question Time: 23.22s | Baseline: 12.72s | TALON: 10.50s | Overhead: 0.01s | Speedup: 1.21x | Parity: True
2026-08-02 18:13:19,107 | INFO | Question 84/644 finished in 23.22 seconds
2026-08-02 18:13:19,107 | INFO | Processing sample 85/644 (id=specbench_252, category=summarization)
2026-08-02 18:13:42,537 | INFO | Sample 85/644 | ID: specbench_252 | Category: summarization | Question Time: 23.43s | Baseline: 13.81s | TALON: 9.61s | Overhead: 0.01s | Speedup: 1.44x | Parity: True
2026-08-02 18:13:42,537 | INFO | Question 85/644 finished in 23.43 seconds
2026-08-02 18:13:42,537 | INFO | Processing sample 86/644 (id=specbench_479, category=math_reasoning)
2026-08-02 18:14:03,779 | INFO | Sample 86/644 | ID: specbench_479 | Category: math_reasoning | Question Time: 21.24s | Baseline: 12.31s | TALON: 8.93s | Overhead: 0.00s | Speedup: 1.38x | Parity: True
2026-08-02 18:14:03,779 | INFO | Question 86/644 finished in 21.24 seconds
2026-08-02 18:14:03,779 | INFO | Processing sample 87/644 (id=specbench_221, category=translation)
2026-08-02 18:14:24,994 | INFO | Sample 87/644 | ID: specbench_221 | Category: translation | Question Time: 21.21s | Baseline: 12.24s | TALON: 8.97s | Overhead: 0.00s | Speedup: 1.37x | Parity: True
2026-08-02 18:14:24,994 | INFO | Question 87/644 finished in 21.21 seconds
2026-08-02 18:14:24,994 | INFO | Processing sample 88/644 (id=specbench_181, category=translation)
2026-08-02 18:14:45,811 | INFO | Sample 88/644 | ID: specbench_181 | Category: translation | Question Time: 20.82s | Baseline: 12.20s | TALON: 8.61s | Overhead: 0.00s | Speedup: 1.42x | Parity: True
2026-08-02 18:14:45,811 | INFO | Question 88/644 finished in 20.82 seconds
2026-08-02 18:14:45,811 | INFO | Processing sample 89/644 (id=specbench_371, category=qa)
2026-08-02 18:15:06,644 | INFO | Sample 89/644 | ID: specbench_371 | Category: qa | Question Time: 20.83s | Baseline: 12.18s | TALON: 8.65s | Overhead: 0.00s | Speedup: 1.41x | Parity: True
2026-08-02 18:15:06,644 | INFO | Question 89/644 finished in 20.83 seconds
2026-08-02 18:15:06,644 | INFO | Processing sample 90/644 (id=specbench_535, category=rag)
2026-08-02 18:15:30,104 | INFO | Sample 90/644 | ID: specbench_535 | Category: rag | Question Time: 23.46s | Baseline: 13.69s | TALON: 9.77s | Overhead: 0.01s | Speedup: 1.40x | Parity: True
2026-08-02 18:15:30,104 | INFO | Question 90/644 finished in 23.46 seconds
2026-08-02 18:15:30,104 | INFO | Processing sample 91/644 (id=specbench_211, category=translation)
2026-08-02 18:15:51,248 | INFO | Sample 91/644 | ID: specbench_211 | Category: translation | Question Time: 21.14s | Baseline: 12.27s | TALON: 8.87s | Overhead: 0.00s | Speedup: 1.38x | Parity: True
2026-08-02 18:15:51,249 | INFO | Question 91/644 finished in 21.14 seconds
2026-08-02 18:15:51,249 | INFO | Processing sample 92/644 (id=HumanEval_82, category=humaneval)
2026-08-02 18:16:12,903 | INFO | Sample 92/644 | ID: HumanEval_82 | Category: humaneval | Question Time: 21.65s | Baseline: 12.31s | TALON: 9.34s | Overhead: 0.00s | Speedup: 1.32x | Parity: True
2026-08-02 18:16:12,903 | INFO | Question 92/644 finished in 21.65 seconds
2026-08-02 18:16:12,903 | INFO | Processing sample 93/644 (id=specbench_435, category=math_reasoning)
2026-08-02 18:16:14,198 | INFO | Sample 93/644 | ID: specbench_435 | Category: math_reasoning | Question Time: 1.29s | Baseline: 0.67s | TALON: 0.63s | Overhead: 0.00s | Speedup: 1.06x | Parity: True
2026-08-02 18:16:14,198 | INFO | Question 93/644 finished in 1.29 seconds
2026-08-02 18:16:14,198 | INFO | Processing sample 94/644 (id=specbench_293, category=summarization)
2026-08-02 18:16:36,367 | INFO | Sample 94/644 | ID: specbench_293 | Category: summarization | Question Time: 22.17s | Baseline: 13.18s | TALON: 8.98s | Overhead: 0.01s | Speedup: 1.47x | Parity: True
2026-08-02 18:16:36,368 | INFO | Question 94/644 finished in 22.17 seconds
2026-08-02 18:16:36,368 | INFO | Processing sample 95/644 (id=specbench_130, category=coding)
2026-08-02 18:16:57,467 | INFO | Sample 95/644 | ID: specbench_130 | Category: coding | Question Time: 21.10s | Baseline: 12.19s | TALON: 8.91s | Overhead: 0.00s | Speedup: 1.37x | Parity: True
2026-08-02 18:16:57,467 | INFO | Question 95/644 finished in 21.10 seconds
2026-08-02 18:16:57,467 | INFO | Processing sample 96/644 (id=HumanEval_43, category=humaneval)
2026-08-02 18:16:59,045 | INFO | Sample 96/644 | ID: HumanEval_43 | Category: humaneval | Question Time: 1.58s | Baseline: 0.78s | TALON: 0.80s | Overhead: 0.00s | Speedup: 0.98x | Parity: True
2026-08-02 18:16:59,045 | INFO | Question 96/644 finished in 1.58 seconds
2026-08-02 18:16:59,045 | INFO | Processing sample 97/644 (id=specbench_421, category=math_reasoning)
2026-08-02 18:17:00,513 | INFO | Sample 97/644 | ID: specbench_421 | Category: math_reasoning | Question Time: 1.47s | Baseline: 0.76s | TALON: 0.71s | Overhead: 0.00s | Speedup: 1.08x | Parity: True
2026-08-02 18:17:00,513 | INFO | Question 97/644 finished in 1.47 seconds
2026-08-02 18:17:00,513 | INFO | Processing sample 98/644 (id=specbench_155, category=humanities)
2026-08-02 18:17:23,675 | INFO | Sample 98/644 | ID: specbench_155 | Category: humanities | Question Time: 23.16s | Baseline: 12.20s | TALON: 10.96s | Overhead: 0.00s | Speedup: 1.11x | Parity: True
2026-08-02 18:17:23,675 | INFO | Question 98/644 finished in 23.16 seconds
2026-08-02 18:17:23,675 | INFO | Processing sample 99/644 (id=HumanEval_37, category=humaneval)
2026-08-02 18:17:25,250 | INFO | Sample 99/644 | ID: HumanEval_37 | Category: humaneval | Question Time: 1.58s | Baseline: 0.81s | TALON: 0.76s | Overhead: 0.00s | Speedup: 1.06x | Parity: True
2026-08-02 18:17:25,250 | INFO | Question 99/644 finished in 1.58 seconds
2026-08-02 18:17:25,250 | INFO | Processing sample 100/644 (id=specbench_289, category=summarization)
2026-08-02 18:17:48,128 | INFO | Sample 100/644 | ID: specbench_289 | Category: summarization | Question Time: 22.88s | Baseline: 13.46s | TALON: 9.41s | Overhead: 0.01s | Speedup: 1.43x | Parity: True
2026-08-02 18:17:48,128 | INFO | Question 100/644 finished in 22.88 seconds
2026-08-02 18:17:48,128 | INFO | Processing sample 101/644 (id=specbench_147, category=stem)
2026-08-02 18:17:49,895 | INFO | Sample 101/644 | ID: specbench_147 | Category: stem | Question Time: 1.77s | Baseline: 0.93s | TALON: 0.84s | Overhead: 0.00s | Speedup: 1.10x | Parity: True
2026-08-02 18:17:49,895 | INFO | Question 101/644 finished in 1.77 seconds
2026-08-02 18:17:49,895 | INFO | Processing sample 102/644 (id=specbench_236, category=translation)
2026-08-02 18:18:10,579 | INFO | Sample 102/644 | ID: specbench_236 | Category: translation | Question Time: 20.68s | Baseline: 12.22s | TALON: 8.46s | Overhead: 0.00s | Speedup: 1.44x | Parity: True
2026-08-02 18:18:10,580 | INFO | Question 102/644 finished in 20.68 seconds
2026-08-02 18:18:10,580 | INFO | Processing sample 103/644 (id=specbench_251, category=summarization)
2026-08-02 18:18:23,537 | INFO | Sample 103/644 | ID: specbench_251 | Category: summarization | Question Time: 12.96s | Baseline: 7.52s | TALON: 5.43s | Overhead: 0.01s | Speedup: 1.39x | Parity: True
2026-08-02 18:18:23,537 | INFO | Question 103/644 finished in 12.96 seconds
2026-08-02 18:18:23,537 | INFO | Processing sample 104/644 (id=specbench_271, category=summarization)
2026-08-02 18:18:46,530 | INFO | Sample 104/644 | ID: specbench_271 | Category: summarization | Question Time: 22.99s | Baseline: 13.58s | TALON: 9.40s | Overhead: 0.01s | Speedup: 1.44x | Parity: True
2026-08-02 18:18:46,531 | INFO | Question 104/644 finished in 22.99 seconds
2026-08-02 18:18:46,531 | INFO | Processing sample 105/644 (id=specbench_111, category=math)
2026-08-02 18:19:07,177 | INFO | Sample 105/644 | ID: specbench_111 | Category: math | Question Time: 20.65s | Baseline: 12.21s | TALON: 8.44s | Overhead: 0.00s | Speedup: 1.45x | Parity: True
2026-08-02 18:19:07,177 | INFO | Question 105/644 finished in 20.65 seconds
2026-08-02 18:19:07,177 | INFO | Processing sample 106/644 (id=HumanEval_117, category=humaneval)
2026-08-02 18:19:08,941 | INFO | Sample 106/644 | ID: HumanEval_117 | Category: humaneval | Question Time: 1.76s | Baseline: 0.87s | TALON: 0.89s | Overhead: 0.00s | Speedup: 0.98x | Parity: True
2026-08-02 18:19:08,941 | INFO | Question 106/644 finished in 1.76 seconds
2026-08-02 18:19:08,941 | INFO | Processing sample 107/644 (id=HumanEval_109, category=humaneval)
2026-08-02 18:19:11,360 | INFO | Sample 107/644 | ID: HumanEval_109 | Category: humaneval | Question Time: 2.42s | Baseline: 1.20s | TALON: 1.22s | Overhead: 0.00s | Speedup: 0.98x | Parity: True
2026-08-02 18:19:11,360 | INFO | Question 107/644 finished in 2.42 seconds
2026-08-02 18:19:11,360 | INFO | Processing sample 108/644 (id=specbench_440, category=math_reasoning)
2026-08-02 18:19:33,302 | INFO | Sample 108/644 | ID: specbench_440 | Category: math_reasoning | Question Time: 21.94s | Baseline: 12.25s | TALON: 9.69s | Overhead: 0.00s | Speedup: 1.26x | Parity: True
2026-08-02 18:19:33,303 | INFO | Question 108/644 finished in 21.94 seconds
2026-08-02 18:19:33,303 | INFO | Processing sample 109/644 (id=specbench_158, category=humanities)
2026-08-02 18:19:55,360 | INFO | Sample 109/644 | ID: specbench_158 | Category: humanities | Question Time: 22.06s | Baseline: 12.17s | TALON: 9.88s | Overhead: 0.00s | Speedup: 1.23x | Parity: True
2026-08-02 18:19:55,360 | INFO | Question 109/644 finished in 22.06 seconds
2026-08-02 18:19:55,360 | INFO | Processing sample 110/644 (id=specbench_258, category=summarization)
2026-08-02 18:20:20,658 | INFO | Sample 110/644 | ID: specbench_258 | Category: summarization | Question Time: 25.30s | Baseline: 14.86s | TALON: 10.42s | Overhead: 0.01s | Speedup: 1.43x | Parity: True
2026-08-02 18:20:20,658 | INFO | Question 110/644 finished in 25.30 seconds
2026-08-02 18:20:20,658 | INFO | Processing sample 111/644 (id=HumanEval_3, category=humaneval)
2026-08-02 18:20:22,241 | INFO | Sample 111/644 | ID: HumanEval_3 | Category: humaneval | Question Time: 1.58s | Baseline: 0.81s | TALON: 0.77s | Overhead: 0.00s | Speedup: 1.06x | Parity: True
2026-08-02 18:20:22,241 | INFO | Question 111/644 finished in 1.58 seconds
2026-08-02 18:20:22,241 | INFO | Processing sample 112/644 (id=specbench_122, category=coding)
2026-08-02 18:20:45,666 | INFO | Sample 112/644 | ID: specbench_122 | Category: coding | Question Time: 23.42s | Baseline: 12.17s | TALON: 11.26s | Overhead: 0.00s | Speedup: 1.08x | Parity: True
2026-08-02 18:20:45,666 | INFO | Question 112/644 finished in 23.42 seconds
2026-08-02 18:20:45,666 | INFO | Processing sample 113/644 (id=HumanEval_98, category=humaneval)
2026-08-02 18:20:47,599 | INFO | Sample 113/644 | ID: HumanEval_98 | Category: humaneval | Question Time: 1.93s | Baseline: 1.03s | TALON: 0.90s | Overhead: 0.00s | Speedup: 1.14x | Parity: True
2026-08-02 18:20:47,600 | INFO | Question 113/644 finished in 1.93 seconds
2026-08-02 18:20:47,600 | INFO | Processing sample 114/644 (id=specbench_514, category=rag)
2026-08-02 18:21:14,488 | INFO | Sample 114/644 | ID: specbench_514 | Category: rag | Question Time: 26.89s | Baseline: 13.94s | TALON: 12.94s | Overhead: 0.01s | Speedup: 1.08x | Parity: True
2026-08-02 18:21:14,488 | INFO | Question 114/644 finished in 26.89 seconds
2026-08-02 18:21:14,488 | INFO | Processing sample 115/644 (id=specbench_232, category=translation)
2026-08-02 18:21:35,509 | INFO | Sample 115/644 | ID: specbench_232 | Category: translation | Question Time: 21.02s | Baseline: 12.23s | TALON: 8.79s | Overhead: 0.00s | Speedup: 1.39x | Parity: True
2026-08-02 18:21:35,509 | INFO | Question 115/644 finished in 21.02 seconds
2026-08-02 18:21:35,509 | INFO | Processing sample 116/644 (id=HumanEval_127, category=humaneval)
2026-08-02 18:21:38,753 | INFO | Sample 116/644 | ID: HumanEval_127 | Category: humaneval | Question Time: 3.24s | Baseline: 1.67s | TALON: 1.57s | Overhead: 0.00s | Speedup: 1.07x | Parity: True
2026-08-02 18:21:38,753 | INFO | Question 116/644 finished in 3.24 seconds
2026-08-02 18:21:38,753 | INFO | Processing sample 117/644 (id=specbench_120, category=math)
2026-08-02 18:21:49,388 | INFO | Sample 117/644 | ID: specbench_120 | Category: math | Question Time: 10.64s | Baseline: 6.05s | TALON: 4.59s | Overhead: 0.00s | Speedup: 1.32x | Parity: True
2026-08-02 18:21:49,389 | INFO | Question 117/644 finished in 10.64 seconds
2026-08-02 18:21:49,389 | INFO | Processing sample 118/644 (id=specbench_557, category=rag)
2026-08-02 18:22:13,674 | INFO | Sample 118/644 | ID: specbench_557 | Category: rag | Question Time: 24.29s | Baseline: 13.98s | TALON: 10.30s | Overhead: 0.01s | Speedup: 1.36x | Parity: True
2026-08-02 18:22:13,675 | INFO | Question 118/644 finished in 24.29 seconds
2026-08-02 18:22:13,675 | INFO | Processing sample 119/644 (id=specbench_551, category=rag)
2026-08-02 18:22:37,408 | INFO | Sample 119/644 | ID: specbench_551 | Category: rag | Question Time: 23.73s | Baseline: 13.87s | TALON: 9.85s | Overhead: 0.01s | Speedup: 1.41x | Parity: True
2026-08-02 18:22:37,408 | INFO | Question 119/644 finished in 23.73 seconds
2026-08-02 18:22:37,408 | INFO | Processing sample 120/644 (id=specbench_429, category=math_reasoning)
2026-08-02 18:22:58,346 | INFO | Sample 120/644 | ID: specbench_429 | Category: math_reasoning | Question Time: 20.94s | Baseline: 12.32s | TALON: 8.62s | Overhead: 0.00s | Speedup: 1.43x | Parity: True
2026-08-02 18:22:58,346 | INFO | Question 120/644 finished in 20.94 seconds
2026-08-02 18:22:58,346 | INFO | Processing sample 121/644 (id=specbench_102, category=reasoning)
2026-08-02 18:23:21,528 | INFO | Sample 121/644 | ID: specbench_102 | Category: reasoning | Question Time: 23.18s | Baseline: 12.26s | TALON: 10.91s | Overhead: 0.00s | Speedup: 1.12x | Parity: True
2026-08-02 18:23:21,529 | INFO | Question 121/644 finished in 23.18 seconds
2026-08-02 18:23:21,529 | INFO | Processing sample 122/644 (id=specbench_358, category=qa)
2026-08-02 18:23:44,511 | INFO | Sample 122/644 | ID: specbench_358 | Category: qa | Question Time: 22.98s | Baseline: 12.21s | TALON: 10.76s | Overhead: 0.00s | Speedup: 1.13x | Parity: True
2026-08-02 18:23:44,511 | INFO | Question 122/644 finished in 22.98 seconds
2026-08-02 18:23:44,511 | INFO | Processing sample 123/644 (id=specbench_525, category=rag)
2026-08-02 18:24:10,015 | INFO | Sample 123/644 | ID: specbench_525 | Category: rag | Question Time: 25.50s | Baseline: 14.11s | TALON: 11.39s | Overhead: 0.01s | Speedup: 1.24x | Parity: True
2026-08-02 18:24:10,015 | INFO | Question 123/644 finished in 25.50 seconds
2026-08-02 18:24:10,015 | INFO | Processing sample 124/644 (id=specbench_134, category=extraction)
2026-08-02 18:24:32,560 | INFO | Sample 124/644 | ID: specbench_134 | Category: extraction | Question Time: 22.54s | Baseline: 12.56s | TALON: 9.98s | Overhead: 0.00s | Speedup: 1.26x | Parity: True
2026-08-02 18:24:32,560 | INFO | Question 124/644 finished in 22.54 seconds
2026-08-02 18:24:32,560 | INFO | Processing sample 125/644 (id=specbench_126, category=coding)
2026-08-02 18:24:54,939 | INFO | Sample 125/644 | ID: specbench_126 | Category: coding | Question Time: 22.38s | Baseline: 12.21s | TALON: 10.16s | Overhead: 0.00s | Speedup: 1.20x | Parity: True
2026-08-02 18:24:54,939 | INFO | Question 125/644 finished in 22.38 seconds
2026-08-02 18:24:54,939 | INFO | Processing sample 126/644 (id=specbench_133, category=extraction)
2026-08-02 18:25:21,251 | INFO | Sample 126/644 | ID: specbench_133 | Category: extraction | Question Time: 26.31s | Baseline: 12.99s | TALON: 13.31s | Overhead: 0.01s | Speedup: 0.98x | Parity: True
2026-08-02 18:25:21,251 | INFO | Question 126/644 finished in 26.31 seconds
2026-08-02 18:25:21,251 | INFO | Processing sample 127/644 (id=specbench_353, category=qa)
2026-08-02 18:25:43,845 | INFO | Sample 127/644 | ID: specbench_353 | Category: qa | Question Time: 22.59s | Baseline: 12.19s | TALON: 10.40s | Overhead: 0.00s | Speedup: 1.17x | Parity: True
2026-08-02 18:25:43,846 | INFO | Question 127/644 finished in 22.59 seconds
2026-08-02 18:25:43,846 | INFO | Processing sample 128/644 (id=specbench_539, category=rag)
2026-08-02 18:26:07,633 | INFO | Sample 128/644 | ID: specbench_539 | Category: rag | Question Time: 23.79s | Baseline: 13.79s | TALON: 9.99s | Overhead: 0.01s | Speedup: 1.38x | Parity: True
2026-08-02 18:26:07,633 | INFO | Question 128/644 finished in 23.79 seconds
2026-08-02 18:26:07,633 | INFO | Processing sample 129/644 (id=specbench_204, category=translation)
2026-08-02 18:26:28,607 | INFO | Sample 129/644 | ID: specbench_204 | Category: translation | Question Time: 20.97s | Baseline: 12.20s | TALON: 8.78s | Overhead: 0.00s | Speedup: 1.39x | Parity: True
2026-08-02 18:26:28,608 | INFO | Question 129/644 finished in 20.97 seconds
2026-08-02 18:26:28,608 | INFO | Processing sample 130/644 (id=specbench_474, category=math_reasoning)
2026-08-02 18:26:49,302 | INFO | Sample 130/644 | ID: specbench_474 | Category: math_reasoning | Question Time: 20.69s | Baseline: 12.22s | TALON: 8.47s | Overhead: 0.00s | Speedup: 1.44x | Parity: True
2026-08-02 18:26:49,302 | INFO | Question 130/644 finished in 20.69 seconds
2026-08-02 18:26:49,302 | INFO | Processing sample 131/644 (id=specbench_439, category=math_reasoning)
2026-08-02 18:26:50,692 | INFO | Sample 131/644 | ID: specbench_439 | Category: math_reasoning | Question Time: 1.39s | Baseline: 0.72s | TALON: 0.67s | Overhead: 0.00s | Speedup: 1.08x | Parity: True
2026-08-02 18:26:50,692 | INFO | Question 131/644 finished in 1.39 seconds
2026-08-02 18:26:50,692 | INFO | Processing sample 132/644 (id=specbench_500, category=rag)
2026-08-02 18:27:14,809 | INFO | Sample 132/644 | ID: specbench_500 | Category: rag | Question Time: 24.12s | Baseline: 13.93s | TALON: 10.18s | Overhead: 0.01s | Speedup: 1.37x | Parity: True
2026-08-02 18:27:14,809 | INFO | Question 132/644 finished in 24.12 seconds
2026-08-02 18:27:14,809 | INFO | Processing sample 133/644 (id=specbench_210, category=translation)
2026-08-02 18:27:35,889 | INFO | Sample 133/644 | ID: specbench_210 | Category: translation | Question Time: 21.08s | Baseline: 12.17s | TALON: 8.90s | Overhead: 0.00s | Speedup: 1.37x | Parity: True
2026-08-02 18:27:35,889 | INFO | Question 133/644 finished in 21.08 seconds
2026-08-02 18:27:35,889 | INFO | Processing sample 134/644 (id=specbench_515, category=rag)
2026-08-02 18:27:54,667 | INFO | Sample 134/644 | ID: specbench_515 | Category: rag | Question Time: 18.78s | Baseline: 9.51s | TALON: 9.27s | Overhead: 0.01s | Speedup: 1.03x | Parity: True
2026-08-02 18:27:54,667 | INFO | Question 134/644 finished in 18.78 seconds
2026-08-02 18:27:54,667 | INFO | Processing sample 135/644 (id=specbench_497, category=rag)
2026-08-02 18:28:20,413 | INFO | Sample 135/644 | ID: specbench_497 | Category: rag | Question Time: 25.75s | Baseline: 13.85s | TALON: 11.89s | Overhead: 0.01s | Speedup: 1.17x | Parity: True
2026-08-02 18:28:20,414 | INFO | Question 135/644 finished in 25.75 seconds
2026-08-02 18:28:20,414 | INFO | Processing sample 136/644 (id=specbench_277, category=summarization)
2026-08-02 18:28:43,586 | INFO | Sample 136/644 | ID: specbench_277 | Category: summarization | Question Time: 23.17s | Baseline: 12.47s | TALON: 10.70s | Overhead: 0.00s | Speedup: 1.17x | Parity: True
2026-08-02 18:28:43,587 | INFO | Question 136/644 finished in 23.17 seconds
2026-08-02 18:28:43,587 | INFO | Processing sample 137/644 (id=specbench_448, category=math_reasoning)
2026-08-02 18:28:58,538 | INFO | Sample 137/644 | ID: specbench_448 | Category: math_reasoning | Question Time: 14.95s | Baseline: 8.07s | TALON: 6.88s | Overhead: 0.00s | Speedup: 1.17x | Parity: True
2026-08-02 18:28:58,538 | INFO | Question 137/644 finished in 14.95 seconds
2026-08-02 18:28:58,538 | INFO | Processing sample 138/644 (id=specbench_338, category=qa)
2026-08-02 18:29:19,565 | INFO | Sample 138/644 | ID: specbench_338 | Category: qa | Question Time: 21.03s | Baseline: 12.18s | TALON: 8.85s | Overhead: 0.00s | Speedup: 1.38x | Parity: True
2026-08-02 18:29:19,565 | INFO | Question 138/644 finished in 21.03 seconds
2026-08-02 18:29:19,565 | INFO | Processing sample 139/644 (id=specbench_262, category=summarization)
2026-08-02 18:29:42,390 | INFO | Sample 139/644 | ID: specbench_262 | Category: summarization | Question Time: 22.82s | Baseline: 13.45s | TALON: 9.37s | Overhead: 0.01s | Speedup: 1.44x | Parity: True
2026-08-02 18:29:42,390 | INFO | Question 139/644 finished in 22.82 seconds
2026-08-02 18:29:42,390 | INFO | Processing sample 140/644 (id=HumanEval_18, category=humaneval)
2026-08-02 18:29:44,089 | INFO | Sample 140/644 | ID: HumanEval_18 | Category: humaneval | Question Time: 1.70s | Baseline: 0.91s | TALON: 0.78s | Overhead: 0.00s | Speedup: 1.17x | Parity: True
2026-08-02 18:29:44,089 | INFO | Question 140/644 finished in 1.70 seconds
2026-08-02 18:29:44,089 | INFO | Processing sample 141/644 (id=specbench_241, category=summarization)
2026-08-02 18:30:07,801 | INFO | Sample 141/644 | ID: specbench_241 | Category: summarization | Question Time: 23.71s | Baseline: 13.83s | TALON: 9.87s | Overhead: 0.01s | Speedup: 1.40x | Parity: True
2026-08-02 18:30:07,801 | INFO | Question 141/644 finished in 23.71 seconds
2026-08-02 18:30:07,801 | INFO | Processing sample 142/644 (id=specbench_81, category=writing)
2026-08-02 18:30:29,506 | INFO | Sample 142/644 | ID: specbench_81 | Category: writing | Question Time: 21.70s | Baseline: 12.21s | TALON: 9.49s | Overhead: 0.00s | Speedup: 1.29x | Parity: True
2026-08-02 18:30:29,506 | INFO | Question 142/644 finished in 21.70 seconds
2026-08-02 18:30:29,506 | INFO | Processing sample 143/644 (id=specbench_310, category=summarization)
2026-08-02 18:30:47,353 | INFO | Sample 143/644 | ID: specbench_310 | Category: summarization | Question Time: 17.85s | Baseline: 10.37s | TALON: 7.47s | Overhead: 0.01s | Speedup: 1.39x | Parity: True
2026-08-02 18:30:47,353 | INFO | Question 143/644 finished in 17.85 seconds
2026-08-02 18:30:47,353 | INFO | Processing sample 144/644 (id=specbench_520, category=rag)
2026-08-02 18:31:11,519 | INFO | Sample 144/644 | ID: specbench_520 | Category: rag | Question Time: 24.17s | Baseline: 13.84s | TALON: 10.32s | Overhead: 0.01s | Speedup: 1.34x | Parity: True
2026-08-02 18:31:11,519 | INFO | Question 144/644 finished in 24.17 seconds
2026-08-02 18:31:11,519 | INFO | Processing sample 145/644 (id=HumanEval_87, category=humaneval)
2026-08-02 18:31:13,701 | INFO | Sample 145/644 | ID: HumanEval_87 | Category: humaneval | Question Time: 2.18s | Baseline: 1.06s | TALON: 1.12s | Overhead: 0.00s | Speedup: 0.94x | Parity: True
2026-08-02 18:31:13,701 | INFO | Question 145/644 finished in 2.18 seconds
2026-08-02 18:31:13,701 | INFO | Processing sample 146/644 (id=specbench_267, category=summarization)
2026-08-02 18:31:38,155 | INFO | Sample 146/644 | ID: specbench_267 | Category: summarization | Question Time: 24.45s | Baseline: 14.43s | TALON: 10.01s | Overhead: 0.01s | Speedup: 1.44x | Parity: True
2026-08-02 18:31:38,155 | INFO | Question 146/644 finished in 24.45 seconds
2026-08-02 18:31:38,155 | INFO | Processing sample 147/644 (id=specbench_243, category=summarization)
2026-08-02 18:32:01,373 | INFO | Sample 147/644 | ID: specbench_243 | Category: summarization | Question Time: 23.22s | Baseline: 13.57s | TALON: 9.64s | Overhead: 0.01s | Speedup: 1.41x | Parity: True
2026-08-02 18:32:01,373 | INFO | Question 147/644 finished in 23.22 seconds
2026-08-02 18:32:01,373 | INFO | Processing sample 148/644 (id=HumanEval_145, category=humaneval)
2026-08-02 18:32:02,417 | INFO | Sample 148/644 | ID: HumanEval_145 | Category: humaneval | Question Time: 1.04s | Baseline: 0.51s | TALON: 0.53s | Overhead: 0.00s | Speedup: 0.95x | Parity: True
2026-08-02 18:32:02,417 | INFO | Question 148/644 finished in 1.04 seconds
2026-08-02 18:32:02,417 | INFO | Processing sample 149/644 (id=specbench_351, category=qa)
2026-08-02 18:32:23,276 | INFO | Sample 149/644 | ID: specbench_351 | Category: qa | Question Time: 20.86s | Baseline: 12.17s | TALON: 8.69s | Overhead: 0.00s | Speedup: 1.40x | Parity: True
2026-08-02 18:32:23,276 | INFO | Question 149/644 finished in 20.86 seconds
2026-08-02 18:32:23,276 | INFO | Processing sample 150/644 (id=specbench_419, category=math_reasoning)
2026-08-02 18:32:44,743 | INFO | Sample 150/644 | ID: specbench_419 | Category: math_reasoning | Question Time: 21.47s | Baseline: 12.25s | TALON: 9.22s | Overhead: 0.00s | Speedup: 1.33x | Parity: True
2026-08-02 18:32:44,743 | INFO | Question 150/644 finished in 21.47 seconds
2026-08-02 18:32:44,744 | INFO | Processing sample 151/644 (id=specbench_198, category=translation)
2026-08-02 18:33:05,803 | INFO | Sample 151/644 | ID: specbench_198 | Category: translation | Question Time: 21.06s | Baseline: 12.23s | TALON: 8.83s | Overhead: 0.00s | Speedup: 1.38x | Parity: True
2026-08-02 18:33:05,803 | INFO | Question 151/644 finished in 21.06 seconds
2026-08-02 18:33:05,803 | INFO | Processing sample 152/644 (id=specbench_534, category=rag)
2026-08-02 18:33:29,105 | INFO | Sample 152/644 | ID: specbench_534 | Category: rag | Question Time: 23.30s | Baseline: 13.66s | TALON: 9.63s | Overhead: 0.01s | Speedup: 1.42x | Parity: True
2026-08-02 18:33:29,105 | INFO | Question 152/644 finished in 23.30 seconds
2026-08-02 18:33:29,105 | INFO | Processing sample 153/644 (id=specbench_99, category=roleplay)
2026-08-02 18:33:50,011 | INFO | Sample 153/644 | ID: specbench_99 | Category: roleplay | Question Time: 20.91s | Baseline: 12.22s | TALON: 8.68s | Overhead: 0.00s | Speedup: 1.41x | Parity: True
2026-08-02 18:33:50,012 | INFO | Question 153/644 finished in 20.91 seconds
2026-08-02 18:33:50,012 | INFO | Processing sample 154/644 (id=HumanEval_105, category=humaneval)
2026-08-02 18:33:52,537 | INFO | Sample 154/644 | ID: HumanEval_105 | Category: humaneval | Question Time: 2.53s | Baseline: 1.28s | TALON: 1.24s | Overhead: 0.00s | Speedup: 1.03x | Parity: True
2026-08-02 18:33:52,537 | INFO | Question 154/644 finished in 2.53 seconds
2026-08-02 18:33:52,537 | INFO | Processing sample 155/644 (id=HumanEval_11, category=humaneval)
2026-08-02 18:34:14,222 | INFO | Sample 155/644 | ID: HumanEval_11 | Category: humaneval | Question Time: 21.68s | Baseline: 12.31s | TALON: 9.37s | Overhead: 0.00s | Speedup: 1.31x | Parity: True
2026-08-02 18:34:14,223 | INFO | Question 155/644 finished in 21.68 seconds
2026-08-02 18:34:14,223 | INFO | Processing sample 156/644 (id=specbench_225, category=translation)
2026-08-02 18:34:35,131 | INFO | Sample 156/644 | ID: specbench_225 | Category: translation | Question Time: 20.91s | Baseline: 12.32s | TALON: 8.58s | Overhead: 0.00s | Speedup: 1.44x | Parity: True
2026-08-02 18:34:35,131 | INFO | Question 156/644 finished in 20.91 seconds
2026-08-02 18:34:35,131 | INFO | Processing sample 157/644 (id=specbench_226, category=translation)
2026-08-02 18:34:55,837 | INFO | Sample 157/644 | ID: specbench_226 | Category: translation | Question Time: 20.70s | Baseline: 12.24s | TALON: 8.46s | Overhead: 0.00s | Speedup: 1.45x | Parity: True
2026-08-02 18:34:55,837 | INFO | Question 157/644 finished in 20.70 seconds
2026-08-02 18:34:55,837 | INFO | Processing sample 158/644 (id=specbench_352, category=qa)
2026-08-02 18:35:19,146 | INFO | Sample 158/644 | ID: specbench_352 | Category: qa | Question Time: 23.31s | Baseline: 12.18s | TALON: 11.13s | Overhead: 0.00s | Speedup: 1.09x | Parity: True
2026-08-02 18:35:19,146 | INFO | Question 158/644 finished in 23.31 seconds
2026-08-02 18:35:19,146 | INFO | Processing sample 159/644 (id=HumanEval_58, category=humaneval)
2026-08-02 18:35:19,858 | INFO | Sample 159/644 | ID: HumanEval_58 | Category: humaneval | Question Time: 0.71s | Baseline: 0.35s | TALON: 0.36s | Overhead: 0.00s | Speedup: 0.96x | Parity: True
2026-08-02 18:35:19,858 | INFO | Question 159/644 finished in 0.71 seconds
2026-08-02 18:35:19,858 | INFO | Processing sample 160/644 (id=HumanEval_154, category=humaneval)
2026-08-02 18:35:21,634 | INFO | Sample 160/644 | ID: HumanEval_154 | Category: humaneval | Question Time: 1.78s | Baseline: 0.88s | TALON: 0.90s | Overhead: 0.00s | Speedup: 0.98x | Parity: True
2026-08-02 18:35:21,634 | INFO | Question 160/644 finished in 1.78 seconds
2026-08-02 18:35:21,634 | INFO | Processing sample 161/644 (id=specbench_363, category=qa)
2026-08-02 18:35:44,279 | INFO | Sample 161/644 | ID: specbench_363 | Category: qa | Question Time: 22.64s | Baseline: 12.17s | TALON: 10.48s | Overhead: 0.00s | Speedup: 1.16x | Parity: True
2026-08-02 18:35:44,279 | INFO | Question 161/644 finished in 22.64 seconds
2026-08-02 18:35:44,279 | INFO | Processing sample 162/644 (id=specbench_190, category=translation)
2026-08-02 18:36:05,806 | INFO | Sample 162/644 | ID: specbench_190 | Category: translation | Question Time: 21.53s | Baseline: 12.18s | TALON: 9.34s | Overhead: 0.00s | Speedup: 1.30x | Parity: True
2026-08-02 18:36:05,806 | INFO | Question 162/644 finished in 21.53 seconds
2026-08-02 18:36:05,806 | INFO | Processing sample 163/644 (id=HumanEval_50, category=humaneval)
2026-08-02 18:36:27,381 | INFO | Sample 163/644 | ID: HumanEval_50 | Category: humaneval | Question Time: 21.57s | Baseline: 12.32s | TALON: 9.25s | Overhead: 0.00s | Speedup: 1.33x | Parity: True
2026-08-02 18:36:27,381 | INFO | Question 163/644 finished in 21.57 seconds
2026-08-02 18:36:27,381 | INFO | Processing sample 164/644 (id=specbench_396, category=qa)
2026-08-02 18:36:29,823 | INFO | Sample 164/644 | ID: specbench_396 | Category: qa | Question Time: 2.44s | Baseline: 1.25s | TALON: 1.19s | Overhead: 0.00s | Speedup: 1.06x | Parity: True
2026-08-02 18:36:29,823 | INFO | Question 164/644 finished in 2.44 seconds
2026-08-02 18:36:29,823 | INFO | Processing sample 165/644 (id=specbench_105, category=reasoning)
2026-08-02 18:36:51,843 | INFO | Sample 165/644 | ID: specbench_105 | Category: reasoning | Question Time: 22.02s | Baseline: 12.61s | TALON: 9.41s | Overhead: 0.00s | Speedup: 1.34x | Parity: True
2026-08-02 18:36:51,843 | INFO | Question 165/644 finished in 22.02 seconds
2026-08-02 18:36:51,843 | INFO | Processing sample 166/644 (id=specbench_227, category=translation)
2026-08-02 18:37:13,059 | INFO | Sample 166/644 | ID: specbench_227 | Category: translation | Question Time: 21.22s | Baseline: 12.22s | TALON: 8.99s | Overhead: 0.00s | Speedup: 1.36x | Parity: True
2026-08-02 18:37:13,059 | INFO | Question 166/644 finished in 21.22 seconds
2026-08-02 18:37:13,059 | INFO | Processing sample 167/644 (id=specbench_473, category=math_reasoning)
2026-08-02 18:37:34,522 | INFO | Sample 167/644 | ID: specbench_473 | Category: math_reasoning | Question Time: 21.46s | Baseline: 12.31s | TALON: 9.15s | Overhead: 0.00s | Speedup: 1.34x | Parity: True
2026-08-02 18:37:34,522 | INFO | Question 167/644 finished in 21.46 seconds
2026-08-02 18:37:34,522 | INFO | Processing sample 168/644 (id=HumanEval_102, category=humaneval)
2026-08-02 18:37:36,492 | INFO | Sample 168/644 | ID: HumanEval_102 | Category: humaneval | Question Time: 1.97s | Baseline: 0.99s | TALON: 0.98s | Overhead: 0.00s | Speedup: 1.00x | Parity: True
2026-08-02 18:37:36,492 | INFO | Question 168/644 finished in 1.97 seconds
2026-08-02 18:37:36,492 | INFO | Processing sample 169/644 (id=specbench_408, category=math_reasoning)
2026-08-02 18:37:38,008 | INFO | Sample 169/644 | ID: specbench_408 | Category: math_reasoning | Question Time: 1.52s | Baseline: 0.77s | TALON: 0.75s | Overhead: 0.00s | Speedup: 1.02x | Parity: True
2026-08-02 18:37:38,008 | INFO | Question 169/644 finished in 1.52 seconds
2026-08-02 18:37:38,008 | INFO | Processing sample 170/644 (id=specbench_206, category=translation)
2026-08-02 18:37:58,767 | INFO | Sample 170/644 | ID: specbench_206 | Category: translation | Question Time: 20.76s | Baseline: 12.26s | TALON: 8.49s | Overhead: 0.00s | Speedup: 1.44x | Parity: True
2026-08-02 18:37:58,767 | INFO | Question 170/644 finished in 20.76 seconds
2026-08-02 18:37:58,767 | INFO | Processing sample 171/644 (id=specbench_554, category=rag)
2026-08-02 18:38:22,673 | INFO | Sample 171/644 | ID: specbench_554 | Category: rag | Question Time: 23.91s | Baseline: 13.82s | TALON: 10.08s | Overhead: 0.01s | Speedup: 1.37x | Parity: True
2026-08-02 18:38:22,674 | INFO | Question 171/644 finished in 23.91 seconds
2026-08-02 18:38:22,674 | INFO | Processing sample 172/644 (id=HumanEval_103, category=humaneval)
2026-08-02 18:38:24,146 | INFO | Sample 172/644 | ID: HumanEval_103 | Category: humaneval | Question Time: 1.47s | Baseline: 0.73s | TALON: 0.74s | Overhead: 0.00s | Speedup: 0.98x | Parity: True
2026-08-02 18:38:24,146 | INFO | Question 172/644 finished in 1.47 seconds
2026-08-02 18:38:24,146 | INFO | Processing sample 173/644 (id=specbench_385, category=qa)
2026-08-02 18:38:29,132 | INFO | Sample 173/644 | ID: specbench_385 | Category: qa | Question Time: 4.99s | Baseline: 2.55s | TALON: 2.44s | Overhead: 0.00s | Speedup: 1.04x | Parity: True
2026-08-02 18:38:29,132 | INFO | Question 173/644 finished in 4.99 seconds
2026-08-02 18:38:29,132 | INFO | Processing sample 174/644 (id=HumanEval_85, category=humaneval)
2026-08-02 18:38:30,261 | INFO | Sample 174/644 | ID: HumanEval_85 | Category: humaneval | Question Time: 1.13s | Baseline: 0.57s | TALON: 0.56s | Overhead: 0.00s | Speedup: 1.03x | Parity: True
2026-08-02 18:38:30,261 | INFO | Question 174/644 finished in 1.13 seconds
2026-08-02 18:38:30,261 | INFO | Processing sample 175/644 (id=specbench_285, category=summarization)
2026-08-02 18:38:56,798 | INFO | Sample 175/644 | ID: specbench_285 | Category: summarization | Question Time: 26.54s | Baseline: 14.77s | TALON: 11.76s | Overhead: 0.01s | Speedup: 1.26x | Parity: True
2026-08-02 18:38:56,798 | INFO | Question 175/644 finished in 26.54 seconds
2026-08-02 18:38:56,798 | INFO | Processing sample 176/644 (id=specbench_209, category=translation)
2026-08-02 18:39:17,469 | INFO | Sample 176/644 | ID: specbench_209 | Category: translation | Question Time: 20.67s | Baseline: 12.20s | TALON: 8.47s | Overhead: 0.00s | Speedup: 1.44x | Parity: True
2026-08-02 18:39:17,469 | INFO | Question 176/644 finished in 20.67 seconds
2026-08-02 18:39:17,469 | INFO | Processing sample 177/644 (id=specbench_390, category=qa)
2026-08-02 18:39:38,434 | INFO | Sample 177/644 | ID: specbench_390 | Category: qa | Question Time: 20.96s | Baseline: 12.16s | TALON: 8.80s | Overhead: 0.00s | Speedup: 1.38x | Parity: True
2026-08-02 18:39:38,434 | INFO | Question 177/644 finished in 20.96 seconds
2026-08-02 18:39:38,434 | INFO | Processing sample 178/644 (id=specbench_350, category=qa)
2026-08-02 18:39:59,504 | INFO | Sample 178/644 | ID: specbench_350 | Category: qa | Question Time: 21.07s | Baseline: 12.31s | TALON: 8.76s | Overhead: 0.00s | Speedup: 1.40x | Parity: True
2026-08-02 18:39:59,504 | INFO | Question 178/644 finished in 21.07 seconds
2026-08-02 18:39:59,504 | INFO | Processing sample 179/644 (id=specbench_153, category=humanities)
2026-08-02 18:40:21,763 | INFO | Sample 179/644 | ID: specbench_153 | Category: humanities | Question Time: 22.26s | Baseline: 12.24s | TALON: 10.01s | Overhead: 0.00s | Speedup: 1.22x | Parity: True
2026-08-02 18:40:21,763 | INFO | Question 179/644 finished in 22.26 seconds
2026-08-02 18:40:21,763 | INFO | Processing sample 180/644 (id=HumanEval_115, category=humaneval)
2026-08-02 18:40:44,270 | INFO | Sample 180/644 | ID: HumanEval_115 | Category: humaneval | Question Time: 22.51s | Baseline: 12.91s | TALON: 9.59s | Overhead: 0.01s | Speedup: 1.35x | Parity: True
2026-08-02 18:40:44,270 | INFO | Question 180/644 finished in 22.51 seconds
2026-08-02 18:40:44,270 | INFO | Processing sample 181/644 (id=HumanEval_92, category=humaneval)
2026-08-02 18:40:46,535 | INFO | Sample 181/644 | ID: HumanEval_92 | Category: humaneval | Question Time: 2.26s | Baseline: 1.14s | TALON: 1.13s | Overhead: 0.00s | Speedup: 1.01x | Parity: True
2026-08-02 18:40:46,535 | INFO | Question 181/644 finished in 2.26 seconds
2026-08-02 18:40:46,535 | INFO | Processing sample 182/644 (id=specbench_200, category=translation)
2026-08-02 18:41:07,621 | INFO | Sample 182/644 | ID: specbench_200 | Category: translation | Question Time: 21.09s | Baseline: 12.25s | TALON: 8.83s | Overhead: 0.00s | Speedup: 1.39x | Parity: True
2026-08-02 18:41:07,621 | INFO | Question 182/644 finished in 21.09 seconds
2026-08-02 18:41:07,621 | INFO | Processing sample 183/644 (id=HumanEval_121, category=humaneval)
2026-08-02 18:41:09,117 | INFO | Sample 183/644 | ID: HumanEval_121 | Category: humaneval | Question Time: 1.50s | Baseline: 0.75s | TALON: 0.74s | Overhead: 0.00s | Speedup: 1.02x | Parity: True
2026-08-02 18:41:09,117 | INFO | Question 183/644 finished in 1.50 seconds
2026-08-02 18:41:09,117 | INFO | Processing sample 184/644 (id=specbench_544, category=rag)
2026-08-02 18:41:36,272 | INFO | Sample 184/644 | ID: specbench_544 | Category: rag | Question Time: 27.15s | Baseline: 13.92s | TALON: 13.23s | Overhead: 0.01s | Speedup: 1.05x | Parity: True
2026-08-02 18:41:36,272 | INFO | Question 184/644 finished in 27.15 seconds
2026-08-02 18:41:36,272 | INFO | Processing sample 185/644 (id=HumanEval_130, category=humaneval)
2026-08-02 18:41:58,265 | INFO | Sample 185/644 | ID: HumanEval_130 | Category: humaneval | Question Time: 21.99s | Baseline: 12.69s | TALON: 9.30s | Overhead: 0.00s | Speedup: 1.36x | Parity: True
2026-08-02 18:41:58,265 | INFO | Question 185/644 finished in 21.99 seconds
2026-08-02 18:41:58,265 | INFO | Processing sample 186/644 (id=HumanEval_0, category=humaneval)
2026-08-02 18:42:00,256 | INFO | Sample 186/644 | ID: HumanEval_0 | Category: humaneval | Question Time: 1.99s | Baseline: 1.05s | TALON: 0.93s | Overhead: 0.00s | Speedup: 1.13x | Parity: True
2026-08-02 18:42:00,256 | INFO | Question 186/644 finished in 1.99 seconds
2026-08-02 18:42:00,256 | INFO | Processing sample 187/644 (id=specbench_373, category=qa)
2026-08-02 18:42:03,939 | INFO | Sample 187/644 | ID: specbench_373 | Category: qa | Question Time: 3.68s | Baseline: 1.94s | TALON: 1.75s | Overhead: 0.00s | Speedup: 1.11x | Parity: True
2026-08-02 18:42:03,939 | INFO | Question 187/644 finished in 3.68 seconds
2026-08-02 18:42:03,939 | INFO | Processing sample 188/644 (id=specbench_104, category=reasoning)
2026-08-02 18:42:07,775 | INFO | Sample 188/644 | ID: specbench_104 | Category: reasoning | Question Time: 3.84s | Baseline: 1.79s | TALON: 2.04s | Overhead: 0.00s | Speedup: 0.88x | Parity: True
2026-08-02 18:42:07,775 | INFO | Question 188/644 finished in 3.84 seconds
2026-08-02 18:42:07,775 | INFO | Processing sample 189/644 (id=HumanEval_69, category=humaneval)
2026-08-02 18:42:10,828 | INFO | Sample 189/644 | ID: HumanEval_69 | Category: humaneval | Question Time: 3.05s | Baseline: 1.58s | TALON: 1.47s | Overhead: 0.00s | Speedup: 1.08x | Parity: True
2026-08-02 18:42:10,828 | INFO | Question 189/644 finished in 3.05 seconds
2026-08-02 18:42:10,828 | INFO | Processing sample 190/644 (id=specbench_499, category=rag)
2026-08-02 18:42:14,458 | INFO | Sample 190/644 | ID: specbench_499 | Category: rag | Question Time: 3.63s | Baseline: 1.81s | TALON: 1.82s | Overhead: 0.01s | Speedup: 0.99x | Parity: True
2026-08-02 18:42:14,458 | INFO | Question 190/644 finished in 3.63 seconds
2026-08-02 18:42:14,458 | INFO | Processing sample 191/644 (id=specbench_414, category=math_reasoning)
2026-08-02 18:42:15,606 | INFO | Sample 191/644 | ID: specbench_414 | Category: math_reasoning | Question Time: 1.15s | Baseline: 0.58s | TALON: 0.57s | Overhead: 0.00s | Speedup: 1.01x | Parity: True
2026-08-02 18:42:15,606 | INFO | Question 191/644 finished in 1.15 seconds
2026-08-02 18:42:15,606 | INFO | Processing sample 192/644 (id=specbench_405, category=math_reasoning)
2026-08-02 18:42:17,204 | INFO | Sample 192/644 | ID: specbench_405 | Category: math_reasoning | Question Time: 1.60s | Baseline: 0.79s | TALON: 0.81s | Overhead: 0.00s | Speedup: 0.97x | Parity: True
2026-08-02 18:42:17,204 | INFO | Question 192/644 finished in 1.60 seconds
2026-08-02 18:42:17,204 | INFO | Processing sample 193/644 (id=HumanEval_16, category=humaneval)
2026-08-02 18:42:17,797 | INFO | Sample 193/644 | ID: HumanEval_16 | Category: humaneval | Question Time: 0.59s | Baseline: 0.24s | TALON: 0.35s | Overhead: 0.00s | Speedup: 0.67x | Parity: True
2026-08-02 18:42:17,797 | INFO | Question 193/644 finished in 0.59 seconds
2026-08-02 18:42:17,797 | INFO | Processing sample 194/644 (id=specbench_522, category=rag)
2026-08-02 18:42:21,268 | INFO | Sample 194/644 | ID: specbench_522 | Category: rag | Question Time: 3.47s | Baseline: 1.72s | TALON: 1.74s | Overhead: 0.01s | Speedup: 0.99x | Parity: True
2026-08-02 18:42:21,268 | INFO | Question 194/644 finished in 3.47 seconds
2026-08-02 18:42:21,268 | INFO | Processing sample 195/644 (id=specbench_82, category=writing)
2026-08-02 18:42:43,937 | INFO | Sample 195/644 | ID: specbench_82 | Category: writing | Question Time: 22.67s | Baseline: 12.28s | TALON: 10.39s | Overhead: 0.00s | Speedup: 1.18x | Parity: True
2026-08-02 18:42:43,937 | INFO | Question 195/644 finished in 22.67 seconds
2026-08-02 18:42:43,937 | INFO | Processing sample 196/644 (id=specbench_422, category=math_reasoning)
2026-08-02 18:43:05,678 | INFO | Sample 196/644 | ID: specbench_422 | Category: math_reasoning | Question Time: 21.74s | Baseline: 12.35s | TALON: 9.38s | Overhead: 0.00s | Speedup: 1.32x | Parity: True
2026-08-02 18:43:05,678 | INFO | Question 196/644 finished in 21.74 seconds
2026-08-02 18:43:05,678 | INFO | Processing sample 197/644 (id=specbench_240, category=translation)
2026-08-02 18:43:26,644 | INFO | Sample 197/644 | ID: specbench_240 | Category: translation | Question Time: 20.97s | Baseline: 12.34s | TALON: 8.63s | Overhead: 0.00s | Speedup: 1.43x | Parity: True
2026-08-02 18:43:26,644 | INFO | Question 197/644 finished in 20.97 seconds
2026-08-02 18:43:26,644 | INFO | Processing sample 198/644 (id=specbench_425, category=math_reasoning)
2026-08-02 18:43:28,195 | INFO | Sample 198/644 | ID: specbench_425 | Category: math_reasoning | Question Time: 1.55s | Baseline: 0.79s | TALON: 0.76s | Overhead: 0.00s | Speedup: 1.04x | Parity: True
2026-08-02 18:43:28,195 | INFO | Question 198/644 finished in 1.55 seconds
2026-08-02 18:43:28,195 | INFO | Processing sample 199/644 (id=HumanEval_42, category=humaneval)
2026-08-02 18:43:28,919 | INFO | Sample 199/644 | ID: HumanEval_42 | Category: humaneval | Question Time: 0.72s | Baseline: 0.35s | TALON: 0.37s | Overhead: 0.00s | Speedup: 0.93x | Parity: True
2026-08-02 18:43:28,919 | INFO | Question 199/644 finished in 0.72 seconds
2026-08-02 18:43:28,919 | INFO | Processing sample 200/644 (id=specbench_441, category=math_reasoning)
2026-08-02 18:43:31,760 | INFO | Sample 200/644 | ID: specbench_441 | Category: math_reasoning | Question Time: 2.84s | Baseline: 1.39s | TALON: 1.45s | Overhead: 0.00s | Speedup: 0.96x | Parity: True
2026-08-02 18:43:31,760 | INFO | Question 200/644 finished in 2.84 seconds
2026-08-02 18:43:31,760 | INFO | Processing sample 201/644 (id=specbench_228, category=translation)
2026-08-02 18:43:52,676 | INFO | Sample 201/644 | ID: specbench_228 | Category: translation | Question Time: 20.92s | Baseline: 12.20s | TALON: 8.72s | Overhead: 0.00s | Speedup: 1.40x | Parity: True
2026-08-02 18:43:52,676 | INFO | Question 201/644 finished in 20.92 seconds
2026-08-02 18:43:52,676 | INFO | Processing sample 202/644 (id=specbench_523, category=rag)
2026-08-02 18:44:16,330 | INFO | Sample 202/644 | ID: specbench_523 | Category: rag | Question Time: 23.65s | Baseline: 13.86s | TALON: 9.78s | Overhead: 0.01s | Speedup: 1.42x | Parity: True
2026-08-02 18:44:16,330 | INFO | Question 202/644 finished in 23.65 seconds
2026-08-02 18:44:16,330 | INFO | Processing sample 203/644 (id=specbench_207, category=translation)
2026-08-02 18:44:37,380 | INFO | Sample 203/644 | ID: specbench_207 | Category: translation | Question Time: 21.05s | Baseline: 12.20s | TALON: 8.85s | Overhead: 0.00s | Speedup: 1.38x | Parity: True
2026-08-02 18:44:37,380 | INFO | Question 203/644 finished in 21.05 seconds
2026-08-02 18:44:37,380 | INFO | Processing sample 204/644 (id=specbench_274, category=summarization)
2026-08-02 18:45:02,507 | INFO | Sample 204/644 | ID: specbench_274 | Category: summarization | Question Time: 25.13s | Baseline: 14.78s | TALON: 10.34s | Overhead: 0.01s | Speedup: 1.43x | Parity: True
2026-08-02 18:45:02,507 | INFO | Question 204/644 finished in 25.13 seconds
2026-08-02 18:45:02,508 | INFO | Processing sample 205/644 (id=specbench_160, category=humanities)
2026-08-02 18:45:22,004 | INFO | Sample 205/644 | ID: specbench_160 | Category: humanities | Question Time: 19.50s | Baseline: 9.86s | TALON: 9.63s | Overhead: 0.00s | Speedup: 1.02x | Parity: True
2026-08-02 18:45:22,004 | INFO | Question 205/644 finished in 19.50 seconds
2026-08-02 18:45:22,004 | INFO | Processing sample 206/644 (id=specbench_508, category=rag)
2026-08-02 18:45:46,628 | INFO | Sample 206/644 | ID: specbench_508 | Category: rag | Question Time: 24.62s | Baseline: 13.83s | TALON: 10.78s | Overhead: 0.01s | Speedup: 1.28x | Parity: True
2026-08-02 18:45:46,628 | INFO | Question 206/644 finished in 24.62 seconds
2026-08-02 18:45:46,628 | INFO | Processing sample 207/644 (id=specbench_464, category=math_reasoning)
2026-08-02 18:46:07,891 | INFO | Sample 207/644 | ID: specbench_464 | Category: math_reasoning | Question Time: 21.26s | Baseline: 12.23s | TALON: 9.03s | Overhead: 0.00s | Speedup: 1.35x | Parity: True
2026-08-02 18:46:07,891 | INFO | Question 207/644 finished in 21.26 seconds
2026-08-02 18:46:07,891 | INFO | Processing sample 208/644 (id=specbench_547, category=rag)
2026-08-02 18:46:33,010 | INFO | Sample 208/644 | ID: specbench_547 | Category: rag | Question Time: 25.12s | Baseline: 13.95s | TALON: 11.16s | Overhead: 0.01s | Speedup: 1.25x | Parity: True
2026-08-02 18:46:33,010 | INFO | Question 208/644 finished in 25.12 seconds
2026-08-02 18:46:33,010 | INFO | Processing sample 209/644 (id=specbench_250, category=summarization)
2026-08-02 18:46:50,465 | INFO | Sample 209/644 | ID: specbench_250 | Category: summarization | Question Time: 17.45s | Baseline: 10.10s | TALON: 7.35s | Overhead: 0.01s | Speedup: 1.37x | Parity: True
2026-08-02 18:46:50,465 | INFO | Question 209/644 finished in 17.45 seconds
2026-08-02 18:46:50,465 | INFO | Processing sample 210/644 (id=specbench_136, category=extraction)
2026-08-02 18:47:12,131 | INFO | Sample 210/644 | ID: specbench_136 | Category: extraction | Question Time: 21.67s | Baseline: 12.77s | TALON: 8.89s | Overhead: 0.00s | Speedup: 1.44x | Parity: True
2026-08-02 18:47:12,132 | INFO | Question 210/644 finished in 21.67 seconds
2026-08-02 18:47:12,132 | INFO | Processing sample 211/644 (id=specbench_456, category=math_reasoning)
2026-08-02 18:47:13,555 | INFO | Sample 211/644 | ID: specbench_456 | Category: math_reasoning | Question Time: 1.42s | Baseline: 0.70s | TALON: 0.72s | Overhead: 0.00s | Speedup: 0.98x | Parity: True
2026-08-02 18:47:13,555 | INFO | Question 211/644 finished in 1.42 seconds
2026-08-02 18:47:13,555 | INFO | Processing sample 212/644 (id=specbench_334, category=qa)
2026-08-02 18:47:34,341 | INFO | Sample 212/644 | ID: specbench_334 | Category: qa | Question Time: 20.79s | Baseline: 12.18s | TALON: 8.61s | Overhead: 0.00s | Speedup: 1.41x | Parity: True
2026-08-02 18:47:34,341 | INFO | Question 212/644 finished in 20.79 seconds
2026-08-02 18:47:34,341 | INFO | Processing sample 213/644 (id=specbench_237, category=translation)
2026-08-02 18:47:55,485 | INFO | Sample 213/644 | ID: specbench_237 | Category: translation | Question Time: 21.14s | Baseline: 12.20s | TALON: 8.94s | Overhead: 0.00s | Speedup: 1.37x | Parity: True
2026-08-02 18:47:55,485 | INFO | Question 213/644 finished in 21.14 seconds
2026-08-02 18:47:55,485 | INFO | Processing sample 214/644 (id=specbench_224, category=translation)
2026-08-02 18:48:16,505 | INFO | Sample 214/644 | ID: specbench_224 | Category: translation | Question Time: 21.02s | Baseline: 12.23s | TALON: 8.79s | Overhead: 0.00s | Speedup: 1.39x | Parity: True
2026-08-02 18:48:16,505 | INFO | Question 214/644 finished in 21.02 seconds
2026-08-02 18:48:16,505 | INFO | Processing sample 215/644 (id=specbench_219, category=translation)
2026-08-02 18:48:37,368 | INFO | Sample 215/644 | ID: specbench_219 | Category: translation | Question Time: 20.86s | Baseline: 12.25s | TALON: 8.61s | Overhead: 0.00s | Speedup: 1.42x | Parity: True
2026-08-02 18:48:37,368 | INFO | Question 215/644 finished in 20.86 seconds
2026-08-02 18:48:37,368 | INFO | Processing sample 216/644 (id=specbench_222, category=translation)
2026-08-02 18:48:58,425 | INFO | Sample 216/644 | ID: specbench_222 | Category: translation | Question Time: 21.06s | Baseline: 12.21s | TALON: 8.85s | Overhead: 0.00s | Speedup: 1.38x | Parity: True
2026-08-02 18:48:58,425 | INFO | Question 216/644 finished in 21.06 seconds
2026-08-02 18:48:58,425 | INFO | Processing sample 217/644 (id=specbench_331, category=qa)
2026-08-02 18:49:09,070 | INFO | Sample 217/644 | ID: specbench_331 | Category: qa | Question Time: 10.65s | Baseline: 5.99s | TALON: 4.65s | Overhead: 0.00s | Speedup: 1.29x | Parity: True
2026-08-02 18:49:09,070 | INFO | Question 217/644 finished in 10.65 seconds
2026-08-02 18:49:09,070 | INFO | Processing sample 218/644 (id=HumanEval_77, category=humaneval)
2026-08-02 18:49:09,672 | INFO | Sample 218/644 | ID: HumanEval_77 | Category: humaneval | Question Time: 0.60s | Baseline: 0.25s | TALON: 0.35s | Overhead: 0.00s | Speedup: 0.73x | Parity: True
2026-08-02 18:49:09,672 | INFO | Question 218/644 finished in 0.60 seconds
2026-08-02 18:49:09,672 | INFO | Processing sample 219/644 (id=HumanEval_134, category=humaneval)
2026-08-02 18:49:11,727 | INFO | Sample 219/644 | ID: HumanEval_134 | Category: humaneval | Question Time: 2.05s | Baseline: 1.05s | TALON: 1.00s | Overhead: 0.00s | Speedup: 1.05x | Parity: True
2026-08-02 18:49:11,727 | INFO | Question 219/644 finished in 2.05 seconds
2026-08-02 18:49:11,727 | INFO | Processing sample 220/644 (id=specbench_418, category=math_reasoning)
2026-08-02 18:49:13,167 | INFO | Sample 220/644 | ID: specbench_418 | Category: math_reasoning | Question Time: 1.44s | Baseline: 0.76s | TALON: 0.67s | Overhead: 0.00s | Speedup: 1.13x | Parity: True
2026-08-02 18:49:13,167 | INFO | Question 220/644 finished in 1.44 seconds
2026-08-02 18:49:13,167 | INFO | Processing sample 221/644 (id=specbench_384, category=qa)
2026-08-02 18:49:33,991 | INFO | Sample 221/644 | ID: specbench_384 | Category: qa | Question Time: 20.82s | Baseline: 12.18s | TALON: 8.64s | Overhead: 0.00s | Speedup: 1.41x | Parity: True
2026-08-02 18:49:33,991 | INFO | Question 221/644 finished in 20.82 seconds
2026-08-02 18:49:33,991 | INFO | Processing sample 222/644 (id=specbench_410, category=math_reasoning)
2026-08-02 18:49:35,185 | INFO | Sample 222/644 | ID: specbench_410 | Category: math_reasoning | Question Time: 1.19s | Baseline: 0.61s | TALON: 0.58s | Overhead: 0.00s | Speedup: 1.04x | Parity: True
2026-08-02 18:49:35,185 | INFO | Question 222/644 finished in 1.19 seconds
2026-08-02 18:49:35,185 | INFO | Processing sample 223/644 (id=specbench_341, category=qa)
2026-08-02 18:49:46,393 | INFO | Sample 223/644 | ID: specbench_341 | Category: qa | Question Time: 11.21s | Baseline: 6.09s | TALON: 5.12s | Overhead: 0.00s | Speedup: 1.19x | Parity: True
2026-08-02 18:49:46,393 | INFO | Question 223/644 finished in 11.21 seconds
2026-08-02 18:49:46,393 | INFO | Processing sample 224/644 (id=specbench_157, category=humanities)
2026-08-02 18:50:06,988 | INFO | Sample 224/644 | ID: specbench_157 | Category: humanities | Question Time: 20.59s | Baseline: 12.19s | TALON: 8.40s | Overhead: 0.00s | Speedup: 1.45x | Parity: True
2026-08-02 18:50:06,988 | INFO | Question 224/644 finished in 20.59 seconds
2026-08-02 18:50:06,988 | INFO | Processing sample 225/644 (id=specbench_496, category=rag)
2026-08-02 18:50:30,481 | INFO | Sample 225/644 | ID: specbench_496 | Category: rag | Question Time: 23.49s | Baseline: 13.69s | TALON: 9.79s | Overhead: 0.01s | Speedup: 1.40x | Parity: True
2026-08-02 18:50:30,482 | INFO | Question 225/644 finished in 23.49 seconds
2026-08-02 18:50:30,482 | INFO | Processing sample 226/644 (id=HumanEval_125, category=humaneval)
2026-08-02 18:50:34,520 | INFO | Sample 226/644 | ID: HumanEval_125 | Category: humaneval | Question Time: 4.04s | Baseline: 2.12s | TALON: 1.92s | Overhead: 0.00s | Speedup: 1.10x | Parity: True
2026-08-02 18:50:34,520 | INFO | Question 226/644 finished in 4.04 seconds
2026-08-02 18:50:34,520 | INFO | Processing sample 227/644 (id=specbench_465, category=math_reasoning)
2026-08-02 18:50:55,894 | INFO | Sample 227/644 | ID: specbench_465 | Category: math_reasoning | Question Time: 21.37s | Baseline: 12.23s | TALON: 9.14s | Overhead: 0.00s | Speedup: 1.34x | Parity: True
2026-08-02 18:50:55,894 | INFO | Question 227/644 finished in 21.37 seconds
2026-08-02 18:50:55,894 | INFO | Processing sample 228/644 (id=HumanEval_97, category=humaneval)
2026-08-02 18:50:56,633 | INFO | Sample 228/644 | ID: HumanEval_97 | Category: humaneval | Question Time: 0.74s | Baseline: 0.36s | TALON: 0.38s | Overhead: 0.00s | Speedup: 0.94x | Parity: True
2026-08-02 18:50:56,633 | INFO | Question 228/644 finished in 0.74 seconds
2026-08-02 18:50:56,633 | INFO | Processing sample 229/644 (id=specbench_323, category=qa)
2026-08-02 18:51:17,389 | INFO | Sample 229/644 | ID: specbench_323 | Category: qa | Question Time: 20.76s | Baseline: 12.19s | TALON: 8.57s | Overhead: 0.00s | Speedup: 1.42x | Parity: True
2026-08-02 18:51:17,389 | INFO | Question 229/644 finished in 20.76 seconds
2026-08-02 18:51:17,389 | INFO | Processing sample 230/644 (id=HumanEval_40, category=humaneval)
2026-08-02 18:51:20,068 | INFO | Sample 230/644 | ID: HumanEval_40 | Category: humaneval | Question Time: 2.68s | Baseline: 1.43s | TALON: 1.24s | Overhead: 0.00s | Speedup: 1.15x | Parity: True
2026-08-02 18:51:20,068 | INFO | Question 230/644 finished in 2.68 seconds
2026-08-02 18:51:20,068 | INFO | Processing sample 231/644 (id=specbench_485, category=rag)
2026-08-02 18:51:23,773 | INFO | Sample 231/644 | ID: specbench_485 | Category: rag | Question Time: 3.70s | Baseline: 1.89s | TALON: 1.81s | Overhead: 0.01s | Speedup: 1.04x | Parity: True
2026-08-02 18:51:23,773 | INFO | Question 231/644 finished in 3.70 seconds
2026-08-02 18:51:23,773 | INFO | Processing sample 232/644 (id=specbench_269, category=summarization)
2026-08-02 18:51:49,382 | INFO | Sample 232/644 | ID: specbench_269 | Category: summarization | Question Time: 25.61s | Baseline: 15.04s | TALON: 10.56s | Overhead: 0.01s | Speedup: 1.42x | Parity: True
2026-08-02 18:51:49,382 | INFO | Question 232/644 finished in 25.61 seconds
2026-08-02 18:51:49,382 | INFO | Processing sample 233/644 (id=specbench_495, category=rag)
2026-08-02 18:52:13,184 | INFO | Sample 233/644 | ID: specbench_495 | Category: rag | Question Time: 23.80s | Baseline: 13.84s | TALON: 9.96s | Overhead: 0.01s | Speedup: 1.39x | Parity: True
2026-08-02 18:52:13,184 | INFO | Question 233/644 finished in 23.80 seconds
2026-08-02 18:52:13,184 | INFO | Processing sample 234/644 (id=HumanEval_119, category=humaneval)
2026-08-02 18:52:16,583 | INFO | Sample 234/644 | ID: HumanEval_119 | Category: humaneval | Question Time: 3.40s | Baseline: 1.77s | TALON: 1.63s | Overhead: 0.00s | Speedup: 1.08x | Parity: True
2026-08-02 18:52:16,583 | INFO | Question 234/644 finished in 3.40 seconds
2026-08-02 18:52:16,583 | INFO | Processing sample 235/644 (id=specbench_175, category=translation)
2026-08-02 18:52:37,690 | INFO | Sample 235/644 | ID: specbench_175 | Category: translation | Question Time: 21.11s | Baseline: 12.21s | TALON: 8.90s | Overhead: 0.00s | Speedup: 1.37x | Parity: True
2026-08-02 18:52:37,690 | INFO | Question 235/644 finished in 21.11 seconds
2026-08-02 18:52:37,690 | INFO | Processing sample 236/644 (id=HumanEval_1, category=humaneval)
2026-08-02 18:52:38,287 | INFO | Sample 236/644 | ID: HumanEval_1 | Category: humaneval | Question Time: 0.60s | Baseline: 0.28s | TALON: 0.32s | Overhead: 0.00s | Speedup: 0.86x | Parity: True
2026-08-02 18:52:38,287 | INFO | Question 236/644 finished in 0.60 seconds
2026-08-02 18:52:38,287 | INFO | Processing sample 237/644 (id=specbench_416, category=math_reasoning)
2026-08-02 18:52:39,531 | INFO | Sample 237/644 | ID: specbench_416 | Category: math_reasoning | Question Time: 1.24s | Baseline: 0.61s | TALON: 0.64s | Overhead: 0.00s | Speedup: 0.96x | Parity: True
2026-08-02 18:52:39,531 | INFO | Question 237/644 finished in 1.24 seconds
2026-08-02 18:52:39,531 | INFO | Processing sample 238/644 (id=HumanEval_73, category=humaneval)
2026-08-02 18:52:40,309 | INFO | Sample 238/644 | ID: HumanEval_73 | Category: humaneval | Question Time: 0.78s | Baseline: 0.36s | TALON: 0.42s | Overhead: 0.00s | Speedup: 0.87x | Parity: True
2026-08-02 18:52:40,309 | INFO | Question 238/644 finished in 0.78 seconds
2026-08-02 18:52:40,309 | INFO | Processing sample 239/644 (id=specbench_430, category=math_reasoning)
2026-08-02 18:53:02,246 | INFO | Sample 239/644 | ID: specbench_430 | Category: math_reasoning | Question Time: 21.94s | Baseline: 12.25s | TALON: 9.68s | Overhead: 0.00s | Speedup: 1.27x | Parity: True
2026-08-02 18:53:02,246 | INFO | Question 239/644 finished in 21.94 seconds
2026-08-02 18:53:02,246 | INFO | Processing sample 240/644 (id=HumanEval_135, category=humaneval)
2026-08-02 18:53:06,431 | INFO | Sample 240/644 | ID: HumanEval_135 | Category: humaneval | Question Time: 4.18s | Baseline: 2.19s | TALON: 1.99s | Overhead: 0.00s | Speedup: 1.10x | Parity: True
2026-08-02 18:53:06,431 | INFO | Question 240/644 finished in 4.18 seconds
2026-08-02 18:53:06,431 | INFO | Processing sample 241/644 (id=specbench_319, category=summarization)
2026-08-02 18:53:29,124 | INFO | Sample 241/644 | ID: specbench_319 | Category: summarization | Question Time: 22.69s | Baseline: 13.47s | TALON: 9.22s | Overhead: 0.01s | Speedup: 1.46x | Parity: True
2026-08-02 18:53:29,124 | INFO | Question 241/644 finished in 22.69 seconds
2026-08-02 18:53:29,124 | INFO | Processing sample 242/644 (id=HumanEval_27, category=humaneval)
2026-08-02 18:53:29,505 | INFO | Sample 242/644 | ID: HumanEval_27 | Category: humaneval | Question Time: 0.38s | Baseline: 0.18s | TALON: 0.20s | Overhead: 0.00s | Speedup: 0.90x | Parity: True
2026-08-02 18:53:29,505 | INFO | Question 242/644 finished in 0.38 seconds
2026-08-02 18:53:29,505 | INFO | Processing sample 243/644 (id=specbench_490, category=rag)
2026-08-02 18:53:53,631 | INFO | Sample 243/644 | ID: specbench_490 | Category: rag | Question Time: 24.13s | Baseline: 14.10s | TALON: 10.01s | Overhead: 0.01s | Speedup: 1.41x | Parity: True
2026-08-02 18:53:53,631 | INFO | Question 243/644 finished in 24.13 seconds
2026-08-02 18:53:53,631 | INFO | Processing sample 244/644 (id=specbench_94, category=roleplay)
2026-08-02 18:54:15,357 | INFO | Sample 244/644 | ID: specbench_94 | Category: roleplay | Question Time: 21.73s | Baseline: 12.36s | TALON: 9.36s | Overhead: 0.00s | Speedup: 1.32x | Parity: True
2026-08-02 18:54:15,357 | INFO | Question 244/644 finished in 21.73 seconds
2026-08-02 18:54:15,357 | INFO | Processing sample 245/644 (id=specbench_346, category=qa)
2026-08-02 18:54:36,222 | INFO | Sample 245/644 | ID: specbench_346 | Category: qa | Question Time: 20.86s | Baseline: 12.19s | TALON: 8.67s | Overhead: 0.00s | Speedup: 1.41x | Parity: True
2026-08-02 18:54:36,222 | INFO | Question 245/644 finished in 20.86 seconds
2026-08-02 18:54:36,222 | INFO | Processing sample 246/644 (id=specbench_340, category=qa)
2026-08-02 18:54:57,158 | INFO | Sample 246/644 | ID: specbench_340 | Category: qa | Question Time: 20.94s | Baseline: 12.19s | TALON: 8.75s | Overhead: 0.00s | Speedup: 1.39x | Parity: True
2026-08-02 18:54:57,158 | INFO | Question 246/644 finished in 20.94 seconds
2026-08-02 18:54:57,158 | INFO | Processing sample 247/644 (id=specbench_223, category=translation)
2026-08-02 18:55:18,017 | INFO | Sample 247/644 | ID: specbench_223 | Category: translation | Question Time: 20.86s | Baseline: 12.24s | TALON: 8.61s | Overhead: 0.00s | Speedup: 1.42x | Parity: True
2026-08-02 18:55:18,018 | INFO | Question 247/644 finished in 20.86 seconds
2026-08-02 18:55:18,018 | INFO | Processing sample 248/644 (id=specbench_286, category=summarization)
2026-08-02 18:55:33,429 | INFO | Sample 248/644 | ID: specbench_286 | Category: summarization | Question Time: 15.41s | Baseline: 9.04s | TALON: 6.37s | Overhead: 0.01s | Speedup: 1.42x | Parity: True
2026-08-02 18:55:33,429 | INFO | Question 248/644 finished in 15.41 seconds
2026-08-02 18:55:33,429 | INFO | Processing sample 249/644 (id=specbench_412, category=math_reasoning)
2026-08-02 18:55:54,974 | INFO | Sample 249/644 | ID: specbench_412 | Category: math_reasoning | Question Time: 21.54s | Baseline: 12.26s | TALON: 9.28s | Overhead: 0.00s | Speedup: 1.32x | Parity: True
2026-08-02 18:55:54,974 | INFO | Question 249/644 finished in 21.54 seconds
2026-08-02 18:55:54,974 | INFO | Processing sample 250/644 (id=HumanEval_21, category=humaneval)
2026-08-02 18:55:56,666 | INFO | Sample 250/644 | ID: HumanEval_21 | Category: humaneval | Question Time: 1.69s | Baseline: 0.89s | TALON: 0.80s | Overhead: 0.00s | Speedup: 1.11x | Parity: True
2026-08-02 18:55:56,666 | INFO | Question 250/644 finished in 1.69 seconds
2026-08-02 18:55:56,666 | INFO | Processing sample 251/644 (id=specbench_317, category=summarization)
2026-08-02 18:56:23,839 | INFO | Sample 251/644 | ID: specbench_317 | Category: summarization | Question Time: 27.17s | Baseline: 15.82s | TALON: 11.34s | Overhead: 0.02s | Speedup: 1.39x | Parity: True
2026-08-02 18:56:23,839 | INFO | Question 251/644 finished in 27.17 seconds
2026-08-02 18:56:23,839 | INFO | Processing sample 252/644 (id=specbench_138, category=extraction)
2026-08-02 18:56:47,517 | INFO | Sample 252/644 | ID: specbench_138 | Category: extraction | Question Time: 23.68s | Baseline: 12.95s | TALON: 10.72s | Overhead: 0.01s | Speedup: 1.21x | Parity: True
2026-08-02 18:56:47,517 | INFO | Question 252/644 finished in 23.68 seconds
2026-08-02 18:56:47,517 | INFO | Processing sample 253/644 (id=specbench_320, category=summarization)
2026-08-02 18:57:11,136 | INFO | Sample 253/644 | ID: specbench_320 | Category: summarization | Question Time: 23.62s | Baseline: 14.03s | TALON: 9.58s | Overhead: 0.01s | Speedup: 1.46x | Parity: True
2026-08-02 18:57:11,136 | INFO | Question 253/644 finished in 23.62 seconds
2026-08-02 18:57:11,136 | INFO | Processing sample 254/644 (id=HumanEval_4, category=humaneval)
2026-08-02 18:57:12,475 | INFO | Sample 254/644 | ID: HumanEval_4 | Category: humaneval | Question Time: 1.34s | Baseline: 0.70s | TALON: 0.64s | Overhead: 0.00s | Speedup: 1.09x | Parity: True
2026-08-02 18:57:12,475 | INFO | Question 254/644 finished in 1.34 seconds
2026-08-02 18:57:12,475 | INFO | Processing sample 255/644 (id=specbench_143, category=stem)
2026-08-02 18:57:33,429 | INFO | Sample 255/644 | ID: specbench_143 | Category: stem | Question Time: 20.95s | Baseline: 12.23s | TALON: 8.72s | Overhead: 0.00s | Speedup: 1.40x | Parity: True
2026-08-02 18:57:33,429 | INFO | Question 255/644 finished in 20.95 seconds
2026-08-02 18:57:33,429 | INFO | Processing sample 256/644 (id=specbench_471, category=math_reasoning)
2026-08-02 18:57:34,768 | INFO | Sample 256/644 | ID: specbench_471 | Category: math_reasoning | Question Time: 1.34s | Baseline: 0.67s | TALON: 0.67s | Overhead: 0.00s | Speedup: 1.00x | Parity: True
2026-08-02 18:57:34,768 | INFO | Question 256/644 finished in 1.34 seconds
2026-08-02 18:57:34,768 | INFO | Processing sample 257/644 (id=HumanEval_110, category=humaneval)
2026-08-02 18:57:37,183 | INFO | Sample 257/644 | ID: HumanEval_110 | Category: humaneval | Question Time: 2.41s | Baseline: 1.25s | TALON: 1.16s | Overhead: 0.00s | Speedup: 1.08x | Parity: True
2026-08-02 18:57:37,183 | INFO | Question 257/644 finished in 2.41 seconds
2026-08-02 18:57:37,183 | INFO | Processing sample 258/644 (id=specbench_150, category=stem)
2026-08-02 18:57:58,167 | INFO | Sample 258/644 | ID: specbench_150 | Category: stem | Question Time: 20.98s | Baseline: 12.21s | TALON: 8.77s | Overhead: 0.00s | Speedup: 1.39x | Parity: True
2026-08-02 18:57:58,167 | INFO | Question 258/644 finished in 20.98 seconds
2026-08-02 18:57:58,167 | INFO | Processing sample 259/644 (id=specbench_366, category=qa)
2026-08-02 18:57:59,611 | INFO | Sample 259/644 | ID: specbench_366 | Category: qa | Question Time: 1.44s | Baseline: 0.75s | TALON: 0.69s | Overhead: 0.00s | Speedup: 1.09x | Parity: True
2026-08-02 18:57:59,611 | INFO | Question 259/644 finished in 1.44 seconds
2026-08-02 18:57:59,611 | INFO | Processing sample 260/644 (id=HumanEval_158, category=humaneval)
2026-08-02 18:58:02,826 | INFO | Sample 260/644 | ID: HumanEval_158 | Category: humaneval | Question Time: 3.21s | Baseline: 1.68s | TALON: 1.53s | Overhead: 0.00s | Speedup: 1.10x | Parity: True
2026-08-02 18:58:02,826 | INFO | Question 260/644 finished in 3.21 seconds
2026-08-02 18:58:02,827 | INFO | Processing sample 261/644 (id=specbench_516, category=rag)
2026-08-02 18:58:27,114 | INFO | Sample 261/644 | ID: specbench_516 | Category: rag | Question Time: 24.29s | Baseline: 13.81s | TALON: 10.47s | Overhead: 0.01s | Speedup: 1.32x | Parity: True
2026-08-02 18:58:27,114 | INFO | Question 261/644 finished in 24.29 seconds
2026-08-02 18:58:27,115 | INFO | Processing sample 262/644 (id=specbench_315, category=summarization)
2026-08-02 18:58:40,822 | INFO | Sample 262/644 | ID: specbench_315 | Category: summarization | Question Time: 13.71s | Baseline: 7.92s | TALON: 5.78s | Overhead: 0.01s | Speedup: 1.37x | Parity: True
2026-08-02 18:58:40,822 | INFO | Question 262/644 finished in 13.71 seconds
2026-08-02 18:58:40,822 | INFO | Processing sample 263/644 (id=specbench_442, category=math_reasoning)
2026-08-02 18:58:46,531 | INFO | Sample 263/644 | ID: specbench_442 | Category: math_reasoning | Question Time: 5.71s | Baseline: 2.94s | TALON: 2.77s | Overhead: 0.00s | Speedup: 1.06x | Parity: True
2026-08-02 18:58:46,531 | INFO | Question 263/644 finished in 5.71 seconds
2026-08-02 18:58:46,531 | INFO | Processing sample 264/644 (id=specbench_540, category=rag)
2026-08-02 18:59:11,193 | INFO | Sample 264/644 | ID: specbench_540 | Category: rag | Question Time: 24.66s | Baseline: 13.93s | TALON: 10.73s | Overhead: 0.01s | Speedup: 1.30x | Parity: True
2026-08-02 18:59:11,193 | INFO | Question 264/644 finished in 24.66 seconds
2026-08-02 18:59:11,193 | INFO | Processing sample 265/644 (id=specbench_132, category=extraction)
2026-08-02 18:59:34,428 | INFO | Sample 265/644 | ID: specbench_132 | Category: extraction | Question Time: 23.23s | Baseline: 12.60s | TALON: 10.63s | Overhead: 0.00s | Speedup: 1.19x | Parity: True
2026-08-02 18:59:34,429 | INFO | Question 265/644 finished in 23.23 seconds
2026-08-02 18:59:34,429 | INFO | Processing sample 266/644 (id=HumanEval_151, category=humaneval)
2026-08-02 18:59:36,050 | INFO | Sample 266/644 | ID: HumanEval_151 | Category: humaneval | Question Time: 1.62s | Baseline: 0.80s | TALON: 0.82s | Overhead: 0.00s | Speedup: 0.97x | Parity: True
2026-08-02 18:59:36,050 | INFO | Question 266/644 finished in 1.62 seconds
2026-08-02 18:59:36,050 | INFO | Processing sample 267/644 (id=specbench_218, category=translation)
2026-08-02 18:59:56,859 | INFO | Sample 267/644 | ID: specbench_218 | Category: translation | Question Time: 20.81s | Baseline: 12.28s | TALON: 8.53s | Overhead: 0.00s | Speedup: 1.44x | Parity: True
2026-08-02 18:59:56,859 | INFO | Question 267/644 finished in 20.81 seconds
2026-08-02 18:59:56,859 | INFO | Processing sample 268/644 (id=specbench_166, category=translation)
2026-08-02 19:00:17,721 | INFO | Sample 268/644 | ID: specbench_166 | Category: translation | Question Time: 20.86s | Baseline: 12.31s | TALON: 8.55s | Overhead: 0.00s | Speedup: 1.44x | Parity: True
2026-08-02 19:00:17,721 | INFO | Question 268/644 finished in 20.86 seconds
2026-08-02 19:00:17,721 | INFO | Processing sample 269/644 (id=HumanEval_29, category=humaneval)
2026-08-02 19:00:18,513 | INFO | Sample 269/644 | ID: HumanEval_29 | Category: humaneval | Question Time: 0.79s | Baseline: 0.38s | TALON: 0.42s | Overhead: 0.00s | Speedup: 0.90x | Parity: True
2026-08-02 19:00:18,514 | INFO | Question 269/644 finished in 0.79 seconds
2026-08-02 19:00:18,514 | INFO | Processing sample 270/644 (id=specbench_518, category=rag)
2026-08-02 19:00:20,290 | INFO | Sample 270/644 | ID: specbench_518 | Category: rag | Question Time: 1.78s | Baseline: 0.80s | TALON: 0.97s | Overhead: 0.01s | Speedup: 0.82x | Parity: True
2026-08-02 19:00:20,290 | INFO | Question 270/644 finished in 1.78 seconds
2026-08-02 19:00:20,290 | INFO | Processing sample 271/644 (id=specbench_458, category=math_reasoning)
2026-08-02 19:00:42,546 | INFO | Sample 271/644 | ID: specbench_458 | Category: math_reasoning | Question Time: 22.26s | Baseline: 12.32s | TALON: 9.93s | Overhead: 0.00s | Speedup: 1.24x | Parity: True
2026-08-02 19:00:42,547 | INFO | Question 271/644 finished in 22.26 seconds
2026-08-02 19:00:42,547 | INFO | Processing sample 272/644 (id=specbench_427, category=math_reasoning)
2026-08-02 19:00:43,684 | INFO | Sample 272/644 | ID: specbench_427 | Category: math_reasoning | Question Time: 1.14s | Baseline: 0.57s | TALON: 0.57s | Overhead: 0.00s | Speedup: 1.01x | Parity: True
2026-08-02 19:00:43,684 | INFO | Question 272/644 finished in 1.14 seconds
2026-08-02 19:00:43,684 | INFO | Processing sample 273/644 (id=specbench_127, category=coding)
2026-08-02 19:00:55,107 | INFO | Sample 273/644 | ID: specbench_127 | Category: coding | Question Time: 11.42s | Baseline: 5.74s | TALON: 5.68s | Overhead: 0.00s | Speedup: 1.01x | Parity: True
2026-08-02 19:00:55,107 | INFO | Question 273/644 finished in 11.42 seconds
2026-08-02 19:00:55,107 | INFO | Processing sample 274/644 (id=specbench_533, category=rag)
2026-08-02 19:01:19,446 | INFO | Sample 274/644 | ID: specbench_533 | Category: rag | Question Time: 24.34s | Baseline: 13.74s | TALON: 10.59s | Overhead: 0.01s | Speedup: 1.30x | Parity: True
2026-08-02 19:01:19,446 | INFO | Question 274/644 finished in 24.34 seconds
2026-08-02 19:01:19,446 | INFO | Processing sample 275/644 (id=specbench_245, category=summarization)
2026-08-02 19:01:36,615 | INFO | Sample 275/644 | ID: specbench_245 | Category: summarization | Question Time: 17.17s | Baseline: 9.97s | TALON: 7.20s | Overhead: 0.00s | Speedup: 1.38x | Parity: True
2026-08-02 19:01:36,616 | INFO | Question 275/644 finished in 17.17 seconds
2026-08-02 19:01:36,616 | INFO | Processing sample 276/644 (id=specbench_536, category=rag)
2026-08-02 19:02:00,010 | INFO | Sample 276/644 | ID: specbench_536 | Category: rag | Question Time: 23.39s | Baseline: 13.83s | TALON: 9.56s | Overhead: 0.01s | Speedup: 1.45x | Parity: True
2026-08-02 19:02:00,010 | INFO | Question 276/644 finished in 23.39 seconds
2026-08-02 19:02:00,010 | INFO | Processing sample 277/644 (id=specbench_428, category=math_reasoning)
2026-08-02 19:02:21,472 | INFO | Sample 277/644 | ID: specbench_428 | Category: math_reasoning | Question Time: 21.46s | Baseline: 12.33s | TALON: 9.13s | Overhead: 0.00s | Speedup: 1.35x | Parity: True
2026-08-02 19:02:21,472 | INFO | Question 277/644 finished in 21.46 seconds
2026-08-02 19:02:21,472 | INFO | Processing sample 278/644 (id=specbench_220, category=translation)
2026-08-02 19:02:42,383 | INFO | Sample 278/644 | ID: specbench_220 | Category: translation | Question Time: 20.91s | Baseline: 12.24s | TALON: 8.66s | Overhead: 0.00s | Speedup: 1.41x | Parity: True
2026-08-02 19:02:42,383 | INFO | Question 278/644 finished in 20.91 seconds
2026-08-02 19:02:42,383 | INFO | Processing sample 279/644 (id=specbench_163, category=translation)
2026-08-02 19:03:04,157 | INFO | Sample 279/644 | ID: specbench_163 | Category: translation | Question Time: 21.77s | Baseline: 12.25s | TALON: 9.52s | Overhead: 0.00s | Speedup: 1.29x | Parity: True
2026-08-02 19:03:04,157 | INFO | Question 279/644 finished in 21.77 seconds
2026-08-02 19:03:04,157 | INFO | Processing sample 280/644 (id=specbench_297, category=summarization)
2026-08-02 19:03:30,424 | INFO | Sample 280/644 | ID: specbench_297 | Category: summarization | Question Time: 26.27s | Baseline: 15.39s | TALON: 10.86s | Overhead: 0.02s | Speedup: 1.42x | Parity: True
2026-08-02 19:03:30,424 | INFO | Question 280/644 finished in 26.27 seconds
2026-08-02 19:03:30,424 | INFO | Processing sample 281/644 (id=HumanEval_28, category=humaneval)
2026-08-02 19:03:30,821 | INFO | Sample 281/644 | ID: HumanEval_28 | Category: humaneval | Question Time: 0.40s | Baseline: 0.18s | TALON: 0.22s | Overhead: 0.00s | Speedup: 0.83x | Parity: True
2026-08-02 19:03:30,822 | INFO | Question 281/644 finished in 0.40 seconds
2026-08-02 19:03:30,822 | INFO | Processing sample 282/644 (id=specbench_173, category=translation)
2026-08-02 19:03:51,598 | INFO | Sample 282/644 | ID: specbench_173 | Category: translation | Question Time: 20.78s | Baseline: 12.24s | TALON: 8.53s | Overhead: 0.00s | Speedup: 1.43x | Parity: True
2026-08-02 19:03:51,599 | INFO | Question 282/644 finished in 20.78 seconds
2026-08-02 19:03:51,599 | INFO | Processing sample 283/644 (id=specbench_480, category=math_reasoning)
2026-08-02 19:04:15,017 | INFO | Sample 283/644 | ID: specbench_480 | Category: math_reasoning | Question Time: 23.42s | Baseline: 10.88s | TALON: 12.54s | Overhead: 0.00s | Speedup: 0.87x | Parity: True
2026-08-02 19:04:15,017 | INFO | Question 283/644 finished in 23.42 seconds
2026-08-02 19:04:15,017 | INFO | Processing sample 284/644 (id=specbench_450, category=math_reasoning)
2026-08-02 19:04:35,977 | INFO | Sample 284/644 | ID: specbench_450 | Category: math_reasoning | Question Time: 20.96s | Baseline: 12.22s | TALON: 8.74s | Overhead: 0.00s | Speedup: 1.40x | Parity: True
2026-08-02 19:04:35,977 | INFO | Question 284/644 finished in 20.96 seconds
2026-08-02 19:04:35,977 | INFO | Processing sample 285/644 (id=HumanEval_153, category=humaneval)
2026-08-02 19:04:36,959 | INFO | Sample 285/644 | ID: HumanEval_153 | Category: humaneval | Question Time: 0.98s | Baseline: 0.43s | TALON: 0.55s | Overhead: 0.00s | Speedup: 0.77x | Parity: True
2026-08-02 19:04:36,959 | INFO | Question 285/644 finished in 0.98 seconds
2026-08-02 19:04:36,959 | INFO | Processing sample 286/644 (id=HumanEval_8, category=humaneval)
2026-08-02 19:04:38,469 | INFO | Sample 286/644 | ID: HumanEval_8 | Category: humaneval | Question Time: 1.51s | Baseline: 0.78s | TALON: 0.73s | Overhead: 0.00s | Speedup: 1.08x | Parity: True
2026-08-02 19:04:38,470 | INFO | Question 286/644 finished in 1.51 seconds
2026-08-02 19:04:38,470 | INFO | Processing sample 287/644 (id=specbench_239, category=translation)
2026-08-02 19:04:59,239 | INFO | Sample 287/644 | ID: specbench_239 | Category: translation | Question Time: 20.77s | Baseline: 12.17s | TALON: 8.59s | Overhead: 0.00s | Speedup: 1.42x | Parity: True
2026-08-02 19:04:59,239 | INFO | Question 287/644 finished in 20.77 seconds
2026-08-02 19:04:59,239 | INFO | Processing sample 288/644 (id=HumanEval_75, category=humaneval)
2026-08-02 19:05:01,635 | INFO | Sample 288/644 | ID: HumanEval_75 | Category: humaneval | Question Time: 2.40s | Baseline: 1.26s | TALON: 1.13s | Overhead: 0.00s | Speedup: 1.12x | Parity: True
2026-08-02 19:05:01,635 | INFO | Question 288/644 finished in 2.40 seconds
2026-08-02 19:05:01,635 | INFO | Processing sample 289/644 (id=specbench_504, category=rag)
2026-08-02 19:05:08,305 | INFO | Sample 289/644 | ID: specbench_504 | Category: rag | Question Time: 6.67s | Baseline: 3.59s | TALON: 3.07s | Overhead: 0.01s | Speedup: 1.17x | Parity: True
2026-08-02 19:05:08,305 | INFO | Question 289/644 finished in 6.67 seconds
2026-08-02 19:05:08,306 | INFO | Processing sample 290/644 (id=specbench_283, category=summarization)
2026-08-02 19:05:16,193 | INFO | Sample 290/644 | ID: specbench_283 | Category: summarization | Question Time: 7.89s | Baseline: 4.37s | TALON: 3.51s | Overhead: 0.01s | Speedup: 1.25x | Parity: True
2026-08-02 19:05:16,193 | INFO | Question 290/644 finished in 7.89 seconds
2026-08-02 19:05:16,193 | INFO | Processing sample 291/644 (id=HumanEval_88, category=humaneval)
2026-08-02 19:05:38,103 | INFO | Sample 291/644 | ID: HumanEval_88 | Category: humaneval | Question Time: 21.91s | Baseline: 12.60s | TALON: 9.31s | Overhead: 0.00s | Speedup: 1.35x | Parity: True
2026-08-02 19:05:38,103 | INFO | Question 291/644 finished in 21.91 seconds
2026-08-02 19:05:38,103 | INFO | Processing sample 292/644 (id=HumanEval_141, category=humaneval)
2026-08-02 19:05:42,505 | INFO | Sample 292/644 | ID: HumanEval_141 | Category: humaneval | Question Time: 4.40s | Baseline: 2.32s | TALON: 2.08s | Overhead: 0.00s | Speedup: 1.11x | Parity: True
2026-08-02 19:05:42,505 | INFO | Question 292/644 finished in 4.40 seconds
2026-08-02 19:05:42,505 | INFO | Processing sample 293/644 (id=specbench_470, category=math_reasoning)
2026-08-02 19:05:44,344 | INFO | Sample 293/644 | ID: specbench_470 | Category: math_reasoning | Question Time: 1.84s | Baseline: 0.95s | TALON: 0.89s | Overhead: 0.00s | Speedup: 1.07x | Parity: True
2026-08-02 19:05:44,344 | INFO | Question 293/644 finished in 1.84 seconds
2026-08-02 19:05:44,344 | INFO | Processing sample 294/644 (id=specbench_355, category=qa)
2026-08-02 19:05:57,589 | INFO | Sample 294/644 | ID: specbench_355 | Category: qa | Question Time: 13.25s | Baseline: 7.53s | TALON: 5.71s | Overhead: 0.00s | Speedup: 1.32x | Parity: True
2026-08-02 19:05:57,590 | INFO | Question 294/644 finished in 13.25 seconds
2026-08-02 19:05:57,590 | INFO | Processing sample 295/644 (id=specbench_359, category=qa)
2026-08-02 19:06:18,856 | INFO | Sample 295/644 | ID: specbench_359 | Category: qa | Question Time: 21.27s | Baseline: 12.18s | TALON: 9.08s | Overhead: 0.00s | Speedup: 1.34x | Parity: True
2026-08-02 19:06:18,856 | INFO | Question 295/644 finished in 21.27 seconds
2026-08-02 19:06:18,856 | INFO | Processing sample 296/644 (id=specbench_537, category=rag)
2026-08-02 19:06:43,016 | INFO | Sample 296/644 | ID: specbench_537 | Category: rag | Question Time: 24.16s | Baseline: 13.83s | TALON: 10.32s | Overhead: 0.01s | Speedup: 1.34x | Parity: True
2026-08-02 19:06:43,017 | INFO | Question 296/644 finished in 24.16 seconds
2026-08-02 19:06:43,017 | INFO | Processing sample 297/644 (id=specbench_112, category=math)
2026-08-02 19:06:44,764 | INFO | Sample 297/644 | ID: specbench_112 | Category: math | Question Time: 1.75s | Baseline: 0.92s | TALON: 0.83s | Overhead: 0.00s | Speedup: 1.10x | Parity: True
2026-08-02 19:06:44,764 | INFO | Question 297/644 finished in 1.75 seconds
2026-08-02 19:06:44,764 | INFO | Processing sample 298/644 (id=specbench_172, category=translation)
2026-08-02 19:07:05,473 | INFO | Sample 298/644 | ID: specbench_172 | Category: translation | Question Time: 20.71s | Baseline: 12.21s | TALON: 8.50s | Overhead: 0.00s | Speedup: 1.44x | Parity: True
2026-08-02 19:07:05,473 | INFO | Question 298/644 finished in 20.71 seconds
2026-08-02 19:07:05,473 | INFO | Processing sample 299/644 (id=specbench_469, category=math_reasoning)
2026-08-02 19:07:06,654 | INFO | Sample 299/644 | ID: specbench_469 | Category: math_reasoning | Question Time: 1.18s | Baseline: 0.57s | TALON: 0.61s | Overhead: 0.00s | Speedup: 0.94x | Parity: True
2026-08-02 19:07:06,655 | INFO | Question 299/644 finished in 1.18 seconds
2026-08-02 19:07:06,655 | INFO | Processing sample 300/644 (id=specbench_305, category=summarization)
2026-08-02 19:07:22,489 | INFO | Sample 300/644 | ID: specbench_305 | Category: summarization | Question Time: 15.83s | Baseline: 8.64s | TALON: 7.19s | Overhead: 0.00s | Speedup: 1.20x | Parity: True
2026-08-02 19:07:22,489 | INFO | Question 300/644 finished in 15.83 seconds
2026-08-02 19:07:22,489 | INFO | Processing sample 301/644 (id=HumanEval_150, category=humaneval)
2026-08-02 19:07:23,619 | INFO | Sample 301/644 | ID: HumanEval_150 | Category: humaneval | Question Time: 1.13s | Baseline: 0.56s | TALON: 0.56s | Overhead: 0.00s | Speedup: 1.00x | Parity: True
2026-08-02 19:07:23,619 | INFO | Question 301/644 finished in 1.13 seconds
2026-08-02 19:07:23,619 | INFO | Processing sample 302/644 (id=specbench_101, category=reasoning)
2026-08-02 19:07:44,820 | INFO | Sample 302/644 | ID: specbench_101 | Category: reasoning | Question Time: 21.20s | Baseline: 12.22s | TALON: 8.98s | Overhead: 0.00s | Speedup: 1.36x | Parity: True
2026-08-02 19:07:44,821 | INFO | Question 302/644 finished in 21.20 seconds
2026-08-02 19:07:44,821 | INFO | Processing sample 303/644 (id=specbench_434, category=math_reasoning)
2026-08-02 19:08:05,798 | INFO | Sample 303/644 | ID: specbench_434 | Category: math_reasoning | Question Time: 20.98s | Baseline: 12.35s | TALON: 8.63s | Overhead: 0.00s | Speedup: 1.43x | Parity: True
2026-08-02 19:08:05,798 | INFO | Question 303/644 finished in 20.98 seconds
2026-08-02 19:08:05,799 | INFO | Processing sample 304/644 (id=HumanEval_20, category=humaneval)
2026-08-02 19:08:10,578 | INFO | Sample 304/644 | ID: HumanEval_20 | Category: humaneval | Question Time: 4.78s | Baseline: 2.53s | TALON: 2.25s | Overhead: 0.00s | Speedup: 1.13x | Parity: True
2026-08-02 19:08:10,578 | INFO | Question 304/644 finished in 4.78 seconds
2026-08-02 19:08:10,578 | INFO | Processing sample 305/644 (id=HumanEval_81, category=humaneval)
2026-08-02 19:08:22,101 | INFO | Sample 305/644 | ID: HumanEval_81 | Category: humaneval | Question Time: 11.52s | Baseline: 6.57s | TALON: 4.95s | Overhead: 0.00s | Speedup: 1.33x | Parity: True
2026-08-02 19:08:22,101 | INFO | Question 305/644 finished in 11.52 seconds
2026-08-02 19:08:22,101 | INFO | Processing sample 306/644 (id=specbench_443, category=math_reasoning)
2026-08-02 19:08:42,955 | INFO | Sample 306/644 | ID: specbench_443 | Category: math_reasoning | Question Time: 20.85s | Baseline: 12.30s | TALON: 8.55s | Overhead: 0.00s | Speedup: 1.44x | Parity: True
2026-08-02 19:08:42,955 | INFO | Question 306/644 finished in 20.85 seconds
2026-08-02 19:08:42,955 | INFO | Processing sample 307/644 (id=specbench_254, category=summarization)
2026-08-02 19:09:06,392 | INFO | Sample 307/644 | ID: specbench_254 | Category: summarization | Question Time: 23.44s | Baseline: 13.66s | TALON: 9.77s | Overhead: 0.01s | Speedup: 1.40x | Parity: True
2026-08-02 19:09:06,392 | INFO | Question 307/644 finished in 23.44 seconds
2026-08-02 19:09:06,392 | INFO | Processing sample 308/644 (id=HumanEval_5, category=humaneval)
2026-08-02 19:09:08,028 | INFO | Sample 308/644 | ID: HumanEval_5 | Category: humaneval | Question Time: 1.64s | Baseline: 0.84s | TALON: 0.79s | Overhead: 0.00s | Speedup: 1.07x | Parity: True
2026-08-02 19:09:08,028 | INFO | Question 308/644 finished in 1.64 seconds
2026-08-02 19:09:08,028 | INFO | Processing sample 309/644 (id=specbench_476, category=math_reasoning)
2026-08-02 19:09:29,218 | INFO | Sample 309/644 | ID: specbench_476 | Category: math_reasoning | Question Time: 21.19s | Baseline: 12.22s | TALON: 8.97s | Overhead: 0.00s | Speedup: 1.36x | Parity: True
2026-08-02 19:09:29,218 | INFO | Question 309/644 finished in 21.19 seconds
2026-08-02 19:09:29,218 | INFO | Processing sample 310/644 (id=specbench_512, category=rag)
2026-08-02 19:09:55,399 | INFO | Sample 310/644 | ID: specbench_512 | Category: rag | Question Time: 26.18s | Baseline: 14.00s | TALON: 12.17s | Overhead: 0.01s | Speedup: 1.15x | Parity: True
2026-08-02 19:09:55,399 | INFO | Question 310/644 finished in 26.18 seconds
2026-08-02 19:09:55,399 | INFO | Processing sample 311/644 (id=specbench_265, category=summarization)
2026-08-02 19:10:12,925 | INFO | Sample 311/644 | ID: specbench_265 | Category: summarization | Question Time: 17.53s | Baseline: 10.37s | TALON: 7.14s | Overhead: 0.01s | Speedup: 1.45x | Parity: True
2026-08-02 19:10:12,925 | INFO | Question 311/644 finished in 17.53 seconds
2026-08-02 19:10:12,925 | INFO | Processing sample 312/644 (id=specbench_431, category=math_reasoning)
2026-08-02 19:10:14,915 | INFO | Sample 312/644 | ID: specbench_431 | Category: math_reasoning | Question Time: 1.99s | Baseline: 0.94s | TALON: 1.04s | Overhead: 0.00s | Speedup: 0.90x | Parity: True
2026-08-02 19:10:14,915 | INFO | Question 312/644 finished in 1.99 seconds
2026-08-02 19:10:14,915 | INFO | Processing sample 313/644 (id=HumanEval_22, category=humaneval)
2026-08-02 19:10:15,764 | INFO | Sample 313/644 | ID: HumanEval_22 | Category: humaneval | Question Time: 0.85s | Baseline: 0.40s | TALON: 0.45s | Overhead: 0.00s | Speedup: 0.89x | Parity: True
2026-08-02 19:10:15,764 | INFO | Question 313/644 finished in 0.85 seconds
2026-08-02 19:10:15,764 | INFO | Processing sample 314/644 (id=specbench_402, category=math_reasoning)
2026-08-02 19:10:17,087 | INFO | Sample 314/644 | ID: specbench_402 | Category: math_reasoning | Question Time: 1.32s | Baseline: 0.67s | TALON: 0.65s | Overhead: 0.00s | Speedup: 1.03x | Parity: True
2026-08-02 19:10:17,088 | INFO | Question 314/644 finished in 1.32 seconds
2026-08-02 19:10:17,088 | INFO | Processing sample 315/644 (id=specbench_365, category=qa)
2026-08-02 19:10:40,232 | INFO | Sample 315/644 | ID: specbench_365 | Category: qa | Question Time: 23.14s | Baseline: 12.16s | TALON: 10.98s | Overhead: 0.00s | Speedup: 1.11x | Parity: True
2026-08-02 19:10:40,232 | INFO | Question 315/644 finished in 23.14 seconds
2026-08-02 19:10:40,232 | INFO | Processing sample 316/644 (id=specbench_436, category=math_reasoning)
2026-08-02 19:10:42,357 | INFO | Sample 316/644 | ID: specbench_436 | Category: math_reasoning | Question Time: 2.12s | Baseline: 0.99s | TALON: 1.13s | Overhead: 0.00s | Speedup: 0.88x | Parity: True
2026-08-02 19:10:42,357 | INFO | Question 316/644 finished in 2.12 seconds
2026-08-02 19:10:42,357 | INFO | Processing sample 317/644 (id=specbench_324, category=qa)
2026-08-02 19:11:03,661 | INFO | Sample 317/644 | ID: specbench_324 | Category: qa | Question Time: 21.30s | Baseline: 12.16s | TALON: 9.14s | Overhead: 0.00s | Speedup: 1.33x | Parity: True
2026-08-02 19:11:03,661 | INFO | Question 317/644 finished in 21.30 seconds
2026-08-02 19:11:03,661 | INFO | Processing sample 318/644 (id=HumanEval_78, category=humaneval)
2026-08-02 19:11:05,703 | INFO | Sample 318/644 | ID: HumanEval_78 | Category: humaneval | Question Time: 2.04s | Baseline: 0.95s | TALON: 1.09s | Overhead: 0.00s | Speedup: 0.88x | Parity: True
2026-08-02 19:11:05,704 | INFO | Question 318/644 finished in 2.04 seconds
2026-08-02 19:11:05,704 | INFO | Processing sample 319/644 (id=specbench_519, category=rag)
2026-08-02 19:11:30,643 | INFO | Sample 319/644 | ID: specbench_519 | Category: rag | Question Time: 24.94s | Baseline: 14.07s | TALON: 10.86s | Overhead: 0.01s | Speedup: 1.30x | Parity: True
2026-08-02 19:11:30,643 | INFO | Question 319/644 finished in 24.94 seconds
2026-08-02 19:11:30,643 | INFO | Processing sample 320/644 (id=specbench_449, category=math_reasoning)
2026-08-02 19:11:52,015 | INFO | Sample 320/644 | ID: specbench_449 | Category: math_reasoning | Question Time: 21.37s | Baseline: 12.19s | TALON: 9.18s | Overhead: 0.00s | Speedup: 1.33x | Parity: True
2026-08-02 19:11:52,015 | INFO | Question 320/644 finished in 21.37 seconds
2026-08-02 19:11:52,015 | INFO | Processing sample 321/644 (id=HumanEval_41, category=humaneval)
2026-08-02 19:11:54,226 | INFO | Sample 321/644 | ID: HumanEval_41 | Category: humaneval | Question Time: 2.21s | Baseline: 1.06s | TALON: 1.15s | Overhead: 0.00s | Speedup: 0.92x | Parity: True
2026-08-02 19:11:54,226 | INFO | Question 321/644 finished in 2.21 seconds
2026-08-02 19:11:54,226 | INFO | Processing sample 322/644 (id=specbench_417, category=math_reasoning)
2026-08-02 19:12:14,237 | INFO | Sample 322/644 | ID: specbench_417 | Category: math_reasoning | Question Time: 20.01s | Baseline: 11.47s | TALON: 8.53s | Overhead: 0.00s | Speedup: 1.34x | Parity: True
2026-08-02 19:12:14,238 | INFO | Question 322/644 finished in 20.01 seconds
2026-08-02 19:12:14,238 | INFO | Processing sample 323/644 (id=specbench_382, category=qa)
2026-08-02 19:12:35,208 | INFO | Sample 323/644 | ID: specbench_382 | Category: qa | Question Time: 20.97s | Baseline: 12.14s | TALON: 8.83s | Overhead: 0.00s | Speedup: 1.38x | Parity: True
2026-08-02 19:12:35,208 | INFO | Question 323/644 finished in 20.97 seconds
2026-08-02 19:12:35,208 | INFO | Processing sample 324/644 (id=specbench_145, category=stem)
2026-08-02 19:12:40,289 | INFO | Sample 324/644 | ID: specbench_145 | Category: stem | Question Time: 5.08s | Baseline: 2.60s | TALON: 2.48s | Overhead: 0.00s | Speedup: 1.05x | Parity: True
2026-08-02 19:12:40,290 | INFO | Question 324/644 finished in 5.08 seconds
2026-08-02 19:12:40,290 | INFO | Processing sample 325/644 (id=specbench_192, category=translation)
2026-08-02 19:13:01,710 | INFO | Sample 325/644 | ID: specbench_192 | Category: translation | Question Time: 21.42s | Baseline: 12.17s | TALON: 9.25s | Overhead: 0.00s | Speedup: 1.32x | Parity: True
2026-08-02 19:13:01,710 | INFO | Question 325/644 finished in 21.42 seconds
2026-08-02 19:13:01,710 | INFO | Processing sample 326/644 (id=specbench_488, category=rag)
2026-08-02 19:13:25,609 | INFO | Sample 326/644 | ID: specbench_488 | Category: rag | Question Time: 23.90s | Baseline: 13.78s | TALON: 10.11s | Overhead: 0.01s | Speedup: 1.36x | Parity: True
2026-08-02 19:13:25,609 | INFO | Question 326/644 finished in 23.90 seconds
2026-08-02 19:13:25,609 | INFO | Processing sample 327/644 (id=specbench_406, category=math_reasoning)
2026-08-02 19:13:26,791 | INFO | Sample 327/644 | ID: specbench_406 | Category: math_reasoning | Question Time: 1.18s | Baseline: 0.57s | TALON: 0.61s | Overhead: 0.00s | Speedup: 0.93x | Parity: True
2026-08-02 19:13:26,791 | INFO | Question 327/644 finished in 1.18 seconds
2026-08-02 19:13:26,791 | INFO | Processing sample 328/644 (id=specbench_109, category=reasoning)
2026-08-02 19:13:48,418 | INFO | Sample 328/644 | ID: specbench_109 | Category: reasoning | Question Time: 21.63s | Baseline: 12.23s | TALON: 9.40s | Overhead: 0.00s | Speedup: 1.30x | Parity: True
2026-08-02 19:13:48,418 | INFO | Question 328/644 finished in 21.63 seconds
2026-08-02 19:13:48,418 | INFO | Processing sample 329/644 (id=specbench_96, category=roleplay)
2026-08-02 19:14:11,486 | INFO | Sample 329/644 | ID: specbench_96 | Category: roleplay | Question Time: 23.07s | Baseline: 12.26s | TALON: 10.81s | Overhead: 0.00s | Speedup: 1.13x | Parity: True
2026-08-02 19:14:11,487 | INFO | Question 329/644 finished in 23.07 seconds
2026-08-02 19:14:11,487 | INFO | Processing sample 330/644 (id=specbench_217, category=translation)
2026-08-02 19:14:32,488 | INFO | Sample 330/644 | ID: specbench_217 | Category: translation | Question Time: 21.00s | Baseline: 12.22s | TALON: 8.78s | Overhead: 0.00s | Speedup: 1.39x | Parity: True
2026-08-02 19:14:32,489 | INFO | Question 330/644 finished in 21.00 seconds
2026-08-02 19:14:32,489 | INFO | Processing sample 331/644 (id=specbench_444, category=math_reasoning)
2026-08-02 19:14:53,430 | INFO | Sample 331/644 | ID: specbench_444 | Category: math_reasoning | Question Time: 20.94s | Baseline: 12.19s | TALON: 8.75s | Overhead: 0.00s | Speedup: 1.39x | Parity: True
2026-08-02 19:14:53,430 | INFO | Question 331/644 finished in 20.94 seconds
2026-08-02 19:14:53,430 | INFO | Processing sample 332/644 (id=HumanEval_118, category=humaneval)
2026-08-02 19:14:55,531 | INFO | Sample 332/644 | ID: HumanEval_118 | Category: humaneval | Question Time: 2.10s | Baseline: 1.07s | TALON: 1.02s | Overhead: 0.00s | Speedup: 1.05x | Parity: True
2026-08-02 19:14:55,531 | INFO | Question 332/644 finished in 2.10 seconds
2026-08-02 19:14:55,531 | INFO | Processing sample 333/644 (id=HumanEval_146, category=humaneval)
2026-08-02 19:14:58,662 | INFO | Sample 333/644 | ID: HumanEval_146 | Category: humaneval | Question Time: 3.13s | Baseline: 1.70s | TALON: 1.43s | Overhead: 0.00s | Speedup: 1.19x | Parity: True
2026-08-02 19:14:58,663 | INFO | Question 333/644 finished in 3.13 seconds
2026-08-02 19:14:58,663 | INFO | Processing sample 334/644 (id=specbench_486, category=rag)
2026-08-02 19:15:22,707 | INFO | Sample 334/644 | ID: specbench_486 | Category: rag | Question Time: 24.04s | Baseline: 13.88s | TALON: 10.16s | Overhead: 0.01s | Speedup: 1.37x | Parity: True
2026-08-02 19:15:22,707 | INFO | Question 334/644 finished in 24.04 seconds
2026-08-02 19:15:22,707 | INFO | Processing sample 335/644 (id=specbench_481, category=rag)
2026-08-02 19:15:46,469 | INFO | Sample 335/644 | ID: specbench_481 | Category: rag | Question Time: 23.76s | Baseline: 13.69s | TALON: 10.07s | Overhead: 0.01s | Speedup: 1.36x | Parity: True
2026-08-02 19:15:46,469 | INFO | Question 335/644 finished in 23.76 seconds
2026-08-02 19:15:46,469 | INFO | Processing sample 336/644 (id=specbench_548, category=rag)
2026-08-02 19:16:07,673 | INFO | Sample 336/644 | ID: specbench_548 | Category: rag | Question Time: 21.20s | Baseline: 10.60s | TALON: 10.60s | Overhead: 0.01s | Speedup: 1.00x | Parity: True
2026-08-02 19:16:07,673 | INFO | Question 336/644 finished in 21.20 seconds
2026-08-02 19:16:07,673 | INFO | Processing sample 337/644 (id=HumanEval_54, category=humaneval)
2026-08-02 19:16:08,445 | INFO | Sample 337/644 | ID: HumanEval_54 | Category: humaneval | Question Time: 0.77s | Baseline: 0.36s | TALON: 0.41s | Overhead: 0.00s | Speedup: 0.86x | Parity: True
2026-08-02 19:16:08,445 | INFO | Question 337/644 finished in 0.77 seconds
2026-08-02 19:16:08,445 | INFO | Processing sample 338/644 (id=HumanEval_107, category=humaneval)
2026-08-02 19:16:12,821 | INFO | Sample 338/644 | ID: HumanEval_107 | Category: humaneval | Question Time: 4.38s | Baseline: 2.29s | TALON: 2.08s | Overhead: 0.00s | Speedup: 1.10x | Parity: True
2026-08-02 19:16:12,822 | INFO | Question 338/644 finished in 4.38 seconds
2026-08-02 19:16:12,822 | INFO | Processing sample 339/644 (id=HumanEval_12, category=humaneval)
2026-08-02 19:16:14,744 | INFO | Sample 339/644 | ID: HumanEval_12 | Category: humaneval | Question Time: 1.92s | Baseline: 1.02s | TALON: 0.90s | Overhead: 0.00s | Speedup: 1.13x | Parity: True
2026-08-02 19:16:14,744 | INFO | Question 339/644 finished in 1.92 seconds
2026-08-02 19:16:14,744 | INFO | Processing sample 340/644 (id=specbench_503, category=rag)
2026-08-02 19:16:38,457 | INFO | Sample 340/644 | ID: specbench_503 | Category: rag | Question Time: 23.71s | Baseline: 13.63s | TALON: 10.08s | Overhead: 0.01s | Speedup: 1.35x | Parity: True
2026-08-02 19:16:38,457 | INFO | Question 340/644 finished in 23.71 seconds
2026-08-02 19:16:38,457 | INFO | Processing sample 341/644 (id=specbench_291, category=summarization)
2026-08-02 19:16:54,250 | INFO | Sample 341/644 | ID: specbench_291 | Category: summarization | Question Time: 15.79s | Baseline: 9.28s | TALON: 6.50s | Overhead: 0.00s | Speedup: 1.43x | Parity: True
2026-08-02 19:16:54,250 | INFO | Question 341/644 finished in 15.79 seconds
2026-08-02 19:16:54,250 | INFO | Processing sample 342/644 (id=specbench_462, category=math_reasoning)
2026-08-02 19:17:15,013 | INFO | Sample 342/644 | ID: specbench_462 | Category: math_reasoning | Question Time: 20.76s | Baseline: 12.25s | TALON: 8.51s | Overhead: 0.00s | Speedup: 1.44x | Parity: True
2026-08-02 19:17:15,013 | INFO | Question 342/644 finished in 20.76 seconds
2026-08-02 19:17:15,013 | INFO | Processing sample 343/644 (id=specbench_270, category=summarization)
2026-08-02 19:17:38,670 | INFO | Sample 343/644 | ID: specbench_270 | Category: summarization | Question Time: 23.66s | Baseline: 14.00s | TALON: 9.65s | Overhead: 0.01s | Speedup: 1.45x | Parity: True
2026-08-02 19:17:38,670 | INFO | Question 343/644 finished in 23.66 seconds
2026-08-02 19:17:38,670 | INFO | Processing sample 344/644 (id=specbench_298, category=summarization)
2026-08-02 19:18:06,814 | INFO | Sample 344/644 | ID: specbench_298 | Category: summarization | Question Time: 28.14s | Baseline: 14.95s | TALON: 13.18s | Overhead: 0.01s | Speedup: 1.13x | Parity: True
2026-08-02 19:18:06,814 | INFO | Question 344/644 finished in 28.14 seconds
2026-08-02 19:18:06,814 | INFO | Processing sample 345/644 (id=HumanEval_72, category=humaneval)
2026-08-02 19:18:08,015 | INFO | Sample 345/644 | ID: HumanEval_72 | Category: humaneval | Question Time: 1.20s | Baseline: 0.53s | TALON: 0.67s | Overhead: 0.00s | Speedup: 0.80x | Parity: True
2026-08-02 19:18:08,015 | INFO | Question 345/644 finished in 1.20 seconds
2026-08-02 19:18:08,015 | INFO | Processing sample 346/644 (id=specbench_168, category=translation)
2026-08-02 19:18:29,272 | INFO | Sample 346/644 | ID: specbench_168 | Category: translation | Question Time: 21.26s | Baseline: 12.19s | TALON: 9.06s | Overhead: 0.00s | Speedup: 1.35x | Parity: True
2026-08-02 19:18:29,272 | INFO | Question 346/644 finished in 21.26 seconds
2026-08-02 19:18:29,272 | INFO | Processing sample 347/644 (id=specbench_446, category=math_reasoning)
2026-08-02 19:18:30,636 | INFO | Sample 347/644 | ID: specbench_446 | Category: math_reasoning | Question Time: 1.36s | Baseline: 0.70s | TALON: 0.66s | Overhead: 0.00s | Speedup: 1.07x | Parity: True
2026-08-02 19:18:30,636 | INFO | Question 347/644 finished in 1.36 seconds
2026-08-02 19:18:30,636 | INFO | Processing sample 348/644 (id=specbench_482, category=rag)
2026-08-02 19:18:54,239 | INFO | Sample 348/644 | ID: specbench_482 | Category: rag | Question Time: 23.60s | Baseline: 13.83s | TALON: 9.76s | Overhead: 0.01s | Speedup: 1.42x | Parity: True
2026-08-02 19:18:54,239 | INFO | Question 348/644 finished in 23.60 seconds
2026-08-02 19:18:54,239 | INFO | Processing sample 349/644 (id=specbench_457, category=math_reasoning)
2026-08-02 19:18:55,808 | INFO | Sample 349/644 | ID: specbench_457 | Category: math_reasoning | Question Time: 1.57s | Baseline: 0.79s | TALON: 0.78s | Overhead: 0.00s | Speedup: 1.02x | Parity: True
2026-08-02 19:18:55,809 | INFO | Question 349/644 finished in 1.57 seconds
2026-08-02 19:18:55,809 | INFO | Processing sample 350/644 (id=specbench_501, category=rag)
2026-08-02 19:18:57,399 | INFO | Sample 350/644 | ID: specbench_501 | Category: rag | Question Time: 1.59s | Baseline: 0.67s | TALON: 0.91s | Overhead: 0.01s | Speedup: 0.73x | Parity: True
2026-08-02 19:18:57,399 | INFO | Question 350/644 finished in 1.59 seconds
2026-08-02 19:18:57,399 | INFO | Processing sample 351/644 (id=HumanEval_57, category=humaneval)
2026-08-02 19:18:58,521 | INFO | Sample 351/644 | ID: HumanEval_57 | Category: humaneval | Question Time: 1.12s | Baseline: 0.56s | TALON: 0.56s | Overhead: 0.00s | Speedup: 1.00x | Parity: True
2026-08-02 19:18:58,521 | INFO | Question 351/644 finished in 1.12 seconds
2026-08-02 19:18:58,521 | INFO | Processing sample 352/644 (id=specbench_543, category=rag)
2026-08-02 19:19:25,571 | INFO | Sample 352/644 | ID: specbench_543 | Category: rag | Question Time: 27.05s | Baseline: 13.90s | TALON: 13.14s | Overhead: 0.01s | Speedup: 1.06x | Parity: True
2026-08-02 19:19:25,571 | INFO | Question 352/644 finished in 27.05 seconds
2026-08-02 19:19:25,571 | INFO | Processing sample 353/644 (id=HumanEval_104, category=humaneval)
2026-08-02 19:19:26,717 | INFO | Sample 353/644 | ID: HumanEval_104 | Category: humaneval | Question Time: 1.15s | Baseline: 0.53s | TALON: 0.61s | Overhead: 0.00s | Speedup: 0.87x | Parity: True
2026-08-02 19:19:26,717 | INFO | Question 353/644 finished in 1.15 seconds
2026-08-02 19:19:26,717 | INFO | Processing sample 354/644 (id=HumanEval_162, category=humaneval)
2026-08-02 19:19:28,081 | INFO | Sample 354/644 | ID: HumanEval_162 | Category: humaneval | Question Time: 1.36s | Baseline: 0.70s | TALON: 0.66s | Overhead: 0.00s | Speedup: 1.06x | Parity: True
2026-08-02 19:19:28,081 | INFO | Question 354/644 finished in 1.36 seconds
2026-08-02 19:19:28,081 | INFO | Processing sample 355/644 (id=HumanEval_148, category=humaneval)
2026-08-02 19:19:33,206 | INFO | Sample 355/644 | ID: HumanEval_148 | Category: humaneval | Question Time: 5.13s | Baseline: 2.69s | TALON: 2.43s | Overhead: 0.00s | Speedup: 1.11x | Parity: True
2026-08-02 19:19:33,206 | INFO | Question 355/644 finished in 5.13 seconds
2026-08-02 19:19:33,207 | INFO | Processing sample 356/644 (id=HumanEval_68, category=humaneval)
2026-08-02 19:19:35,936 | INFO | Sample 356/644 | ID: HumanEval_68 | Category: humaneval | Question Time: 2.73s | Baseline: 1.37s | TALON: 1.36s | Overhead: 0.00s | Speedup: 1.01x | Parity: True
2026-08-02 19:19:35,936 | INFO | Question 356/644 finished in 2.73 seconds
2026-08-02 19:19:35,936 | INFO | Processing sample 357/644 (id=HumanEval_31, category=humaneval)
2026-08-02 19:19:38,073 | INFO | Sample 357/644 | ID: HumanEval_31 | Category: humaneval | Question Time: 2.14s | Baseline: 1.19s | TALON: 0.95s | Overhead: 0.00s | Speedup: 1.25x | Parity: True
2026-08-02 19:19:38,073 | INFO | Question 357/644 finished in 2.14 seconds
2026-08-02 19:19:38,073 | INFO | Processing sample 358/644 (id=specbench_492, category=rag)
2026-08-02 19:19:41,850 | INFO | Sample 358/644 | ID: specbench_492 | Category: rag | Question Time: 3.78s | Baseline: 1.94s | TALON: 1.83s | Overhead: 0.01s | Speedup: 1.06x | Parity: True
2026-08-02 19:19:41,850 | INFO | Question 358/644 finished in 3.78 seconds
2026-08-02 19:19:41,850 | INFO | Processing sample 359/644 (id=specbench_329, category=qa)
2026-08-02 19:19:43,550 | INFO | Sample 359/644 | ID: specbench_329 | Category: qa | Question Time: 1.70s | Baseline: 0.86s | TALON: 0.84s | Overhead: 0.00s | Speedup: 1.02x | Parity: True
2026-08-02 19:19:43,550 | INFO | Question 359/644 finished in 1.70 seconds
2026-08-02 19:19:43,550 | INFO | Processing sample 360/644 (id=HumanEval_140, category=humaneval)
2026-08-02 19:19:44,376 | INFO | Sample 360/644 | ID: HumanEval_140 | Category: humaneval | Question Time: 0.83s | Baseline: 0.39s | TALON: 0.43s | Overhead: 0.00s | Speedup: 0.91x | Parity: True
2026-08-02 19:19:44,376 | INFO | Question 360/644 finished in 0.83 seconds
2026-08-02 19:19:44,376 | INFO | Processing sample 361/644 (id=specbench_527, category=rag)
2026-08-02 19:20:08,739 | INFO | Sample 361/644 | ID: specbench_527 | Category: rag | Question Time: 24.36s | Baseline: 13.96s | TALON: 10.39s | Overhead: 0.01s | Speedup: 1.34x | Parity: True
2026-08-02 19:20:08,739 | INFO | Question 361/644 finished in 24.36 seconds
2026-08-02 19:20:08,739 | INFO | Processing sample 362/644 (id=HumanEval_155, category=humaneval)
2026-08-02 19:20:11,486 | INFO | Sample 362/644 | ID: HumanEval_155 | Category: humaneval | Question Time: 2.75s | Baseline: 1.50s | TALON: 1.24s | Overhead: 0.00s | Speedup: 1.21x | Parity: True
2026-08-02 19:20:11,486 | INFO | Question 362/644 finished in 2.75 seconds
2026-08-02 19:20:11,486 | INFO | Processing sample 363/644 (id=specbench_184, category=translation)
2026-08-02 19:20:32,417 | INFO | Sample 363/644 | ID: specbench_184 | Category: translation | Question Time: 20.93s | Baseline: 12.31s | TALON: 8.62s | Overhead: 0.00s | Speedup: 1.43x | Parity: True
2026-08-02 19:20:32,417 | INFO | Question 363/644 finished in 20.93 seconds
2026-08-02 19:20:32,418 | INFO | Processing sample 364/644 (id=specbench_124, category=coding)
2026-08-02 19:20:54,387 | INFO | Sample 364/644 | ID: specbench_124 | Category: coding | Question Time: 21.97s | Baseline: 12.54s | TALON: 9.43s | Overhead: 0.00s | Speedup: 1.33x | Parity: True
2026-08-02 19:20:54,387 | INFO | Question 364/644 finished in 21.97 seconds
2026-08-02 19:20:54,388 | INFO | Processing sample 365/644 (id=specbench_467, category=math_reasoning)
2026-08-02 19:20:56,004 | INFO | Sample 365/644 | ID: specbench_467 | Category: math_reasoning | Question Time: 1.62s | Baseline: 0.81s | TALON: 0.81s | Overhead: 0.00s | Speedup: 1.00x | Parity: True
2026-08-02 19:20:56,005 | INFO | Question 365/644 finished in 1.62 seconds
2026-08-02 19:20:56,005 | INFO | Processing sample 366/644 (id=specbench_491, category=rag)
2026-08-02 19:21:19,864 | INFO | Sample 366/644 | ID: specbench_491 | Category: rag | Question Time: 23.86s | Baseline: 13.92s | TALON: 9.93s | Overhead: 0.01s | Speedup: 1.40x | Parity: True
2026-08-02 19:21:19,864 | INFO | Question 366/644 finished in 23.86 seconds
2026-08-02 19:21:19,864 | INFO | Processing sample 367/644 (id=specbench_487, category=rag)
2026-08-02 19:21:45,028 | INFO | Sample 367/644 | ID: specbench_487 | Category: rag | Question Time: 25.16s | Baseline: 13.81s | TALON: 11.35s | Overhead: 0.01s | Speedup: 1.22x | Parity: True
2026-08-02 19:21:45,029 | INFO | Question 367/644 finished in 25.16 seconds
2026-08-02 19:21:45,029 | INFO | Processing sample 368/644 (id=HumanEval_46, category=humaneval)
2026-08-02 19:21:48,283 | INFO | Sample 368/644 | ID: HumanEval_46 | Category: humaneval | Question Time: 3.25s | Baseline: 1.64s | TALON: 1.61s | Overhead: 0.00s | Speedup: 1.02x | Parity: True
2026-08-02 19:21:48,283 | INFO | Question 368/644 finished in 3.25 seconds
2026-08-02 19:21:48,284 | INFO | Processing sample 369/644 (id=specbench_144, category=stem)
2026-08-02 19:22:09,638 | INFO | Sample 369/644 | ID: specbench_144 | Category: stem | Question Time: 21.35s | Baseline: 12.17s | TALON: 9.18s | Overhead: 0.00s | Speedup: 1.33x | Parity: True
2026-08-02 19:22:09,638 | INFO | Question 369/644 finished in 21.35 seconds
2026-08-02 19:22:09,638 | INFO | Processing sample 370/644 (id=specbench_106, category=reasoning)
2026-08-02 19:22:10,555 | INFO | Sample 370/644 | ID: specbench_106 | Category: reasoning | Question Time: 0.92s | Baseline: 0.42s | TALON: 0.49s | Overhead: 0.00s | Speedup: 0.87x | Parity: True
2026-08-02 19:22:10,555 | INFO | Question 370/644 finished in 0.92 seconds
2026-08-02 19:22:10,555 | INFO | Processing sample 371/644 (id=HumanEval_26, category=humaneval)
2026-08-02 19:22:12,246 | INFO | Sample 371/644 | ID: HumanEval_26 | Category: humaneval | Question Time: 1.69s | Baseline: 0.91s | TALON: 0.78s | Overhead: 0.00s | Speedup: 1.16x | Parity: True
2026-08-02 19:22:12,246 | INFO | Question 371/644 finished in 1.69 seconds
2026-08-02 19:22:12,246 | INFO | Processing sample 372/644 (id=specbench_555, category=rag)
2026-08-02 19:22:16,873 | INFO | Sample 372/644 | ID: specbench_555 | Category: rag | Question Time: 4.63s | Baseline: 2.44s | TALON: 2.18s | Overhead: 0.01s | Speedup: 1.12x | Parity: True
2026-08-02 19:22:16,873 | INFO | Question 372/644 finished in 4.63 seconds
2026-08-02 19:22:16,874 | INFO | Processing sample 373/644 (id=specbench_295, category=summarization)
2026-08-02 19:22:43,833 | INFO | Sample 373/644 | ID: specbench_295 | Category: summarization | Question Time: 26.96s | Baseline: 15.76s | TALON: 11.19s | Overhead: 0.01s | Speedup: 1.41x | Parity: True
2026-08-02 19:22:43,833 | INFO | Question 373/644 finished in 26.96 seconds
2026-08-02 19:22:43,833 | INFO | Processing sample 374/644 (id=specbench_260, category=summarization)
2026-08-02 19:23:08,098 | INFO | Sample 374/644 | ID: specbench_260 | Category: summarization | Question Time: 24.26s | Baseline: 14.30s | TALON: 9.95s | Overhead: 0.01s | Speedup: 1.44x | Parity: True
2026-08-02 19:23:08,098 | INFO | Question 374/644 finished in 24.26 seconds
2026-08-02 19:23:08,098 | INFO | Processing sample 375/644 (id=HumanEval_131, category=humaneval)
2026-08-02 19:23:09,527 | INFO | Sample 375/644 | ID: HumanEval_131 | Category: humaneval | Question Time: 1.43s | Baseline: 0.72s | TALON: 0.71s | Overhead: 0.00s | Speedup: 1.02x | Parity: True
2026-08-02 19:23:09,527 | INFO | Question 375/644 finished in 1.43 seconds
2026-08-02 19:23:09,527 | INFO | Processing sample 376/644 (id=HumanEval_59, category=humaneval)
2026-08-02 19:23:11,696 | INFO | Sample 376/644 | ID: HumanEval_59 | Category: humaneval | Question Time: 2.17s | Baseline: 1.18s | TALON: 0.98s | Overhead: 0.00s | Speedup: 1.20x | Parity: True
2026-08-02 19:23:11,696 | INFO | Question 376/644 finished in 2.17 seconds
2026-08-02 19:23:11,696 | INFO | Processing sample 377/644 (id=specbench_234, category=translation)
2026-08-02 19:23:32,438 | INFO | Sample 377/644 | ID: specbench_234 | Category: translation | Question Time: 20.74s | Baseline: 12.20s | TALON: 8.54s | Overhead: 0.00s | Speedup: 1.43x | Parity: True
2026-08-02 19:23:32,438 | INFO | Question 377/644 finished in 20.74 seconds
2026-08-02 19:23:32,438 | INFO | Processing sample 378/644 (id=HumanEval_86, category=humaneval)
2026-08-02 19:23:34,829 | INFO | Sample 378/644 | ID: HumanEval_86 | Category: humaneval | Question Time: 2.39s | Baseline: 1.21s | TALON: 1.18s | Overhead: 0.00s | Speedup: 1.02x | Parity: True
2026-08-02 19:23:34,829 | INFO | Question 378/644 finished in 2.39 seconds
2026-08-02 19:23:34,829 | INFO | Processing sample 379/644 (id=specbench_156, category=humanities)
2026-08-02 19:23:55,721 | INFO | Sample 379/644 | ID: specbench_156 | Category: humanities | Question Time: 20.89s | Baseline: 11.25s | TALON: 9.64s | Overhead: 0.00s | Speedup: 1.17x | Parity: True
2026-08-02 19:23:55,721 | INFO | Question 379/644 finished in 20.89 seconds
2026-08-02 19:23:55,721 | INFO | Processing sample 380/644 (id=HumanEval_67, category=humaneval)
2026-08-02 19:23:56,850 | INFO | Sample 380/644 | ID: HumanEval_67 | Category: humaneval | Question Time: 1.13s | Baseline: 0.53s | TALON: 0.60s | Overhead: 0.00s | Speedup: 0.88x | Parity: True
2026-08-02 19:23:56,850 | INFO | Question 380/644 finished in 1.13 seconds
2026-08-02 19:23:56,850 | INFO | Processing sample 381/644 (id=specbench_201, category=translation)
2026-08-02 19:24:17,604 | INFO | Sample 381/644 | ID: specbench_201 | Category: translation | Question Time: 20.75s | Baseline: 12.19s | TALON: 8.56s | Overhead: 0.00s | Speedup: 1.42x | Parity: True
2026-08-02 19:24:17,605 | INFO | Question 381/644 finished in 20.75 seconds
2026-08-02 19:24:17,605 | INFO | Processing sample 382/644 (id=specbench_321, category=qa)
2026-08-02 19:24:38,596 | INFO | Sample 382/644 | ID: specbench_321 | Category: qa | Question Time: 20.99s | Baseline: 12.16s | TALON: 8.83s | Overhead: 0.00s | Speedup: 1.38x | Parity: True
2026-08-02 19:24:38,596 | INFO | Question 382/644 finished in 20.99 seconds
2026-08-02 19:24:38,596 | INFO | Processing sample 383/644 (id=HumanEval_34, category=humaneval)
2026-08-02 19:24:39,079 | INFO | Sample 383/644 | ID: HumanEval_34 | Category: humaneval | Question Time: 0.48s | Baseline: 0.21s | TALON: 0.27s | Overhead: 0.00s | Speedup: 0.81x | Parity: True
2026-08-02 19:24:39,079 | INFO | Question 383/644 finished in 0.48 seconds
2026-08-02 19:24:39,079 | INFO | Processing sample 384/644 (id=HumanEval_99, category=humaneval)
2026-08-02 19:25:00,493 | INFO | Sample 384/644 | ID: HumanEval_99 | Category: humaneval | Question Time: 21.41s | Baseline: 12.49s | TALON: 8.92s | Overhead: 0.00s | Speedup: 1.40x | Parity: True
2026-08-02 19:25:00,493 | INFO | Question 384/644 finished in 21.41 seconds
2026-08-02 19:25:00,493 | INFO | Processing sample 385/644 (id=HumanEval_133, category=humaneval)
2026-08-02 19:25:01,448 | INFO | Sample 385/644 | ID: HumanEval_133 | Category: humaneval | Question Time: 0.95s | Baseline: 0.45s | TALON: 0.50s | Overhead: 0.00s | Speedup: 0.90x | Parity: True
2026-08-02 19:25:01,448 | INFO | Question 385/644 finished in 0.95 seconds
2026-08-02 19:25:01,448 | INFO | Processing sample 386/644 (id=HumanEval_96, category=humaneval)
2026-08-02 19:25:13,602 | INFO | Sample 386/644 | ID: HumanEval_96 | Category: humaneval | Question Time: 12.15s | Baseline: 6.73s | TALON: 5.42s | Overhead: 0.00s | Speedup: 1.24x | Parity: True
2026-08-02 19:25:13,602 | INFO | Question 386/644 finished in 12.15 seconds
2026-08-02 19:25:13,602 | INFO | Processing sample 387/644 (id=HumanEval_65, category=humaneval)
2026-08-02 19:25:15,189 | INFO | Sample 387/644 | ID: HumanEval_65 | Category: humaneval | Question Time: 1.59s | Baseline: 0.82s | TALON: 0.76s | Overhead: 0.00s | Speedup: 1.08x | Parity: True
2026-08-02 19:25:15,189 | INFO | Question 387/644 finished in 1.59 seconds
2026-08-02 19:25:15,189 | INFO | Processing sample 388/644 (id=specbench_388, category=qa)
2026-08-02 19:25:16,425 | INFO | Sample 388/644 | ID: specbench_388 | Category: qa | Question Time: 1.24s | Baseline: 0.63s | TALON: 0.60s | Overhead: 0.00s | Speedup: 1.05x | Parity: True
2026-08-02 19:25:16,425 | INFO | Question 388/644 finished in 1.24 seconds
2026-08-02 19:25:16,425 | INFO | Processing sample 389/644 (id=specbench_349, category=qa)
2026-08-02 19:25:37,777 | INFO | Sample 389/644 | ID: specbench_349 | Category: qa | Question Time: 21.35s | Baseline: 12.17s | TALON: 9.18s | Overhead: 0.00s | Speedup: 1.33x | Parity: True
2026-08-02 19:25:37,777 | INFO | Question 389/644 finished in 21.35 seconds
2026-08-02 19:25:37,777 | INFO | Processing sample 390/644 (id=specbench_541, category=rag)
2026-08-02 19:25:39,908 | INFO | Sample 390/644 | ID: specbench_541 | Category: rag | Question Time: 2.13s | Baseline: 0.95s | TALON: 1.17s | Overhead: 0.01s | Speedup: 0.81x | Parity: True
2026-08-02 19:25:39,908 | INFO | Question 390/644 finished in 2.13 seconds
2026-08-02 19:25:39,908 | INFO | Processing sample 391/644 (id=specbench_468, category=math_reasoning)
2026-08-02 19:25:41,214 | INFO | Sample 391/644 | ID: specbench_468 | Category: math_reasoning | Question Time: 1.31s | Baseline: 0.67s | TALON: 0.64s | Overhead: 0.00s | Speedup: 1.04x | Parity: True
2026-08-02 19:25:41,214 | INFO | Question 391/644 finished in 1.31 seconds
2026-08-02 19:25:41,214 | INFO | Processing sample 392/644 (id=specbench_318, category=summarization)
2026-08-02 19:26:10,060 | INFO | Sample 392/644 | ID: specbench_318 | Category: summarization | Question Time: 28.85s | Baseline: 15.38s | TALON: 13.45s | Overhead: 0.01s | Speedup: 1.14x | Parity: True
2026-08-02 19:26:10,060 | INFO | Question 392/644 finished in 28.85 seconds
2026-08-02 19:26:10,060 | INFO | Processing sample 393/644 (id=specbench_203, category=translation)
2026-08-02 19:26:31,030 | INFO | Sample 393/644 | ID: specbench_203 | Category: translation | Question Time: 20.97s | Baseline: 12.36s | TALON: 8.61s | Overhead: 0.00s | Speedup: 1.43x | Parity: True
2026-08-02 19:26:31,030 | INFO | Question 393/644 finished in 20.97 seconds
2026-08-02 19:26:31,031 | INFO | Processing sample 394/644 (id=HumanEval_147, category=humaneval)
2026-08-02 19:26:36,240 | INFO | Sample 394/644 | ID: HumanEval_147 | Category: humaneval | Question Time: 5.21s | Baseline: 2.81s | TALON: 2.39s | Overhead: 0.00s | Speedup: 1.18x | Parity: True
2026-08-02 19:26:36,240 | INFO | Question 394/644 finished in 5.21 seconds
2026-08-02 19:26:36,240 | INFO | Processing sample 395/644 (id=specbench_306, category=summarization)
2026-08-02 19:26:43,038 | INFO | Sample 395/644 | ID: specbench_306 | Category: summarization | Question Time: 6.80s | Baseline: 3.29s | TALON: 3.50s | Overhead: 0.01s | Speedup: 0.94x | Parity: True
2026-08-02 19:26:43,038 | INFO | Question 395/644 finished in 6.80 seconds
2026-08-02 19:26:43,038 | INFO | Processing sample 396/644 (id=HumanEval_126, category=humaneval)
2026-08-02 19:27:04,951 | INFO | Sample 396/644 | ID: HumanEval_126 | Category: humaneval | Question Time: 21.91s | Baseline: 12.71s | TALON: 9.20s | Overhead: 0.00s | Speedup: 1.38x | Parity: True
2026-08-02 19:27:04,951 | INFO | Question 396/644 finished in 21.91 seconds
2026-08-02 19:27:04,951 | INFO | Processing sample 397/644 (id=HumanEval_13, category=humaneval)
2026-08-02 19:27:06,101 | INFO | Sample 397/644 | ID: HumanEval_13 | Category: humaneval | Question Time: 1.15s | Baseline: 0.59s | TALON: 0.56s | Overhead: 0.00s | Speedup: 1.04x | Parity: True
2026-08-02 19:27:06,101 | INFO | Question 397/644 finished in 1.15 seconds
2026-08-02 19:27:06,101 | INFO | Processing sample 398/644 (id=HumanEval_122, category=humaneval)
2026-08-02 19:27:06,642 | INFO | Sample 398/644 | ID: HumanEval_122 | Category: humaneval | Question Time: 0.54s | Baseline: 0.23s | TALON: 0.31s | Overhead: 0.00s | Speedup: 0.75x | Parity: True
2026-08-02 19:27:06,642 | INFO | Question 398/644 finished in 0.54 seconds
2026-08-02 19:27:06,642 | INFO | Processing sample 399/644 (id=specbench_121, category=coding)
2026-08-02 19:27:06,772 | INFO | Sample 399/644 | ID: specbench_121 | Category: coding | Question Time: 0.13s | Baseline: 0.03s | TALON: 0.10s | Overhead: 0.00s | Speedup: 0.30x | Parity: True
2026-08-02 19:27:06,772 | INFO | Question 399/644 finished in 0.13 seconds
2026-08-02 19:27:06,772 | INFO | Processing sample 400/644 (id=specbench_161, category=translation)
2026-08-02 19:27:27,389 | INFO | Sample 400/644 | ID: specbench_161 | Category: translation | Question Time: 20.62s | Baseline: 12.18s | TALON: 8.43s | Overhead: 0.00s | Speedup: 1.45x | Parity: True
2026-08-02 19:27:27,389 | INFO | Question 400/644 finished in 20.62 seconds
2026-08-02 19:27:27,389 | INFO | Processing sample 401/644 (id=specbench_278, category=summarization)
2026-08-02 19:27:52,137 | INFO | Sample 401/644 | ID: specbench_278 | Category: summarization | Question Time: 24.75s | Baseline: 14.66s | TALON: 10.08s | Overhead: 0.01s | Speedup: 1.45x | Parity: True
2026-08-02 19:27:52,137 | INFO | Question 401/644 finished in 24.75 seconds
2026-08-02 19:27:52,137 | INFO | Processing sample 402/644 (id=HumanEval_36, category=humaneval)
2026-08-02 19:27:54,766 | INFO | Sample 402/644 | ID: HumanEval_36 | Category: humaneval | Question Time: 2.63s | Baseline: 1.40s | TALON: 1.22s | Overhead: 0.00s | Speedup: 1.15x | Parity: True
2026-08-02 19:27:54,766 | INFO | Question 402/644 finished in 2.63 seconds
2026-08-02 19:27:54,766 | INFO | Processing sample 403/644 (id=specbench_375, category=qa)
2026-08-02 19:28:16,188 | INFO | Sample 403/644 | ID: specbench_375 | Category: qa | Question Time: 21.42s | Baseline: 12.16s | TALON: 9.26s | Overhead: 0.00s | Speedup: 1.31x | Parity: True
2026-08-02 19:28:16,188 | INFO | Question 403/644 finished in 21.42 seconds
2026-08-02 19:28:16,188 | INFO | Processing sample 404/644 (id=HumanEval_142, category=humaneval)
2026-08-02 19:28:19,227 | INFO | Sample 404/644 | ID: HumanEval_142 | Category: humaneval | Question Time: 3.04s | Baseline: 1.62s | TALON: 1.41s | Overhead: 0.00s | Speedup: 1.15x | Parity: True
2026-08-02 19:28:19,227 | INFO | Question 404/644 finished in 3.04 seconds
2026-08-02 19:28:19,227 | INFO | Processing sample 405/644 (id=specbench_301, category=summarization)
2026-08-02 19:28:42,227 | INFO | Sample 405/644 | ID: specbench_301 | Category: summarization | Question Time: 23.00s | Baseline: 13.65s | TALON: 9.35s | Overhead: 0.01s | Speedup: 1.46x | Parity: True
2026-08-02 19:28:42,228 | INFO | Question 405/644 finished in 23.00 seconds
2026-08-02 19:28:42,228 | INFO | Processing sample 406/644 (id=specbench_148, category=stem)
2026-08-02 19:29:02,921 | INFO | Sample 406/644 | ID: specbench_148 | Category: stem | Question Time: 20.69s | Baseline: 12.21s | TALON: 8.48s | Overhead: 0.00s | Speedup: 1.44x | Parity: True
2026-08-02 19:29:02,921 | INFO | Question 406/644 finished in 20.69 seconds
2026-08-02 19:29:02,921 | INFO | Processing sample 407/644 (id=specbench_356, category=qa)
2026-08-02 19:29:23,831 | INFO | Sample 407/644 | ID: specbench_356 | Category: qa | Question Time: 20.91s | Baseline: 12.19s | TALON: 8.72s | Overhead: 0.00s | Speedup: 1.40x | Parity: True
2026-08-02 19:29:23,831 | INFO | Question 407/644 finished in 20.91 seconds
2026-08-02 19:29:23,831 | INFO | Processing sample 408/644 (id=HumanEval_70, category=humaneval)
2026-08-02 19:29:27,541 | INFO | Sample 408/644 | ID: HumanEval_70 | Category: humaneval | Question Time: 3.71s | Baseline: 1.93s | TALON: 1.78s | Overhead: 0.00s | Speedup: 1.09x | Parity: True
2026-08-02 19:29:27,541 | INFO | Question 408/644 finished in 3.71 seconds
2026-08-02 19:29:27,541 | INFO | Processing sample 409/644 (id=HumanEval_63, category=humaneval)
2026-08-02 19:29:30,263 | INFO | Sample 409/644 | ID: HumanEval_63 | Category: humaneval | Question Time: 2.72s | Baseline: 1.46s | TALON: 1.26s | Overhead: 0.00s | Speedup: 1.16x | Parity: True
2026-08-02 19:29:30,263 | INFO | Question 409/644 finished in 2.72 seconds
2026-08-02 19:29:30,263 | INFO | Processing sample 410/644 (id=specbench_193, category=translation)
2026-08-02 19:29:51,304 | INFO | Sample 410/644 | ID: specbench_193 | Category: translation | Question Time: 21.04s | Baseline: 12.18s | TALON: 8.86s | Overhead: 0.00s | Speedup: 1.38x | Parity: True
2026-08-02 19:29:51,304 | INFO | Question 410/644 finished in 21.04 seconds
2026-08-02 19:29:51,304 | INFO | Processing sample 411/644 (id=specbench_513, category=rag)
2026-08-02 19:30:14,760 | INFO | Sample 411/644 | ID: specbench_513 | Category: rag | Question Time: 23.46s | Baseline: 13.85s | TALON: 9.59s | Overhead: 0.01s | Speedup: 1.44x | Parity: True
2026-08-02 19:30:14,760 | INFO | Question 411/644 finished in 23.46 seconds
2026-08-02 19:30:14,760 | INFO | Processing sample 412/644 (id=specbench_235, category=translation)
2026-08-02 19:30:36,073 | INFO | Sample 412/644 | ID: specbench_235 | Category: translation | Question Time: 21.31s | Baseline: 12.30s | TALON: 9.01s | Overhead: 0.00s | Speedup: 1.37x | Parity: True
2026-08-02 19:30:36,073 | INFO | Question 412/644 finished in 21.31 seconds
2026-08-02 19:30:36,073 | INFO | Processing sample 413/644 (id=HumanEval_9, category=humaneval)
2026-08-02 19:30:50,758 | INFO | Sample 413/644 | ID: HumanEval_9 | Category: humaneval | Question Time: 14.68s | Baseline: 8.20s | TALON: 6.49s | Overhead: 0.00s | Speedup: 1.26x | Parity: True
2026-08-02 19:30:50,758 | INFO | Question 413/644 finished in 14.68 seconds
2026-08-02 19:30:50,758 | INFO | Processing sample 414/644 (id=specbench_114, category=math)
2026-08-02 19:30:56,044 | INFO | Sample 414/644 | ID: specbench_114 | Category: math | Question Time: 5.29s | Baseline: 2.78s | TALON: 2.50s | Overhead: 0.00s | Speedup: 1.11x | Parity: True
2026-08-02 19:30:56,044 | INFO | Question 414/644 finished in 5.29 seconds
2026-08-02 19:30:56,044 | INFO | Processing sample 415/644 (id=specbench_529, category=rag)
2026-08-02 19:31:19,954 | INFO | Sample 415/644 | ID: specbench_529 | Category: rag | Question Time: 23.91s | Baseline: 13.92s | TALON: 9.98s | Overhead: 0.01s | Speedup: 1.39x | Parity: True
2026-08-02 19:31:19,954 | INFO | Question 415/644 finished in 23.91 seconds
2026-08-02 19:31:19,954 | INFO | Processing sample 416/644 (id=specbench_128, category=coding)
2026-08-02 19:31:21,344 | INFO | Sample 416/644 | ID: specbench_128 | Category: coding | Question Time: 1.39s | Baseline: 0.69s | TALON: 0.70s | Overhead: 0.00s | Speedup: 1.00x | Parity: True
2026-08-02 19:31:21,344 | INFO | Question 416/644 finished in 1.39 seconds
2026-08-02 19:31:21,344 | INFO | Processing sample 417/644 (id=specbench_330, category=qa)
2026-08-02 19:31:42,272 | INFO | Sample 417/644 | ID: specbench_330 | Category: qa | Question Time: 20.93s | Baseline: 12.15s | TALON: 8.77s | Overhead: 0.00s | Speedup: 1.39x | Parity: True
2026-08-02 19:31:42,272 | INFO | Question 417/644 finished in 20.93 seconds
2026-08-02 19:31:42,272 | INFO | Processing sample 418/644 (id=HumanEval_100, category=humaneval)
2026-08-02 19:31:43,420 | INFO | Sample 418/644 | ID: HumanEval_100 | Category: humaneval | Question Time: 1.15s | Baseline: 0.55s | TALON: 0.59s | Overhead: 0.00s | Speedup: 0.93x | Parity: True
2026-08-02 19:31:43,420 | INFO | Question 418/644 finished in 1.15 seconds
2026-08-02 19:31:43,420 | INFO | Processing sample 419/644 (id=specbench_194, category=translation)
2026-08-02 19:32:04,150 | INFO | Sample 419/644 | ID: specbench_194 | Category: translation | Question Time: 20.73s | Baseline: 12.23s | TALON: 8.50s | Overhead: 0.00s | Speedup: 1.44x | Parity: True
2026-08-02 19:32:04,150 | INFO | Question 419/644 finished in 20.73 seconds
2026-08-02 19:32:04,150 | INFO | Processing sample 420/644 (id=specbench_115, category=math)
2026-08-02 19:32:25,176 | INFO | Sample 420/644 | ID: specbench_115 | Category: math | Question Time: 21.03s | Baseline: 12.31s | TALON: 8.71s | Overhead: 0.00s | Speedup: 1.41x | Parity: True
2026-08-02 19:32:25,176 | INFO | Question 420/644 finished in 21.03 seconds
2026-08-02 19:32:25,176 | INFO | Processing sample 421/644 (id=specbench_453, category=math_reasoning)
2026-08-02 19:32:46,421 | INFO | Sample 421/644 | ID: specbench_453 | Category: math_reasoning | Question Time: 21.24s | Baseline: 12.36s | TALON: 8.88s | Overhead: 0.00s | Speedup: 1.39x | Parity: True
2026-08-02 19:32:46,421 | INFO | Question 421/644 finished in 21.24 seconds
2026-08-02 19:32:46,421 | INFO | Processing sample 422/644 (id=HumanEval_149, category=humaneval)
2026-08-02 19:32:47,080 | INFO | Sample 422/644 | ID: HumanEval_149 | Category: humaneval | Question Time: 0.66s | Baseline: 0.29s | TALON: 0.36s | Overhead: 0.00s | Speedup: 0.81x | Parity: True
2026-08-02 19:32:47,080 | INFO | Question 422/644 finished in 0.66 seconds
2026-08-02 19:32:47,080 | INFO | Processing sample 423/644 (id=specbench_374, category=qa)
2026-08-02 19:33:08,145 | INFO | Sample 423/644 | ID: specbench_374 | Category: qa | Question Time: 21.06s | Baseline: 12.18s | TALON: 8.88s | Overhead: 0.00s | Speedup: 1.37x | Parity: True
2026-08-02 19:33:08,145 | INFO | Question 423/644 finished in 21.06 seconds
2026-08-02 19:33:08,145 | INFO | Processing sample 424/644 (id=specbench_459, category=math_reasoning)
2026-08-02 19:33:09,254 | INFO | Sample 424/644 | ID: specbench_459 | Category: math_reasoning | Question Time: 1.11s | Baseline: 0.57s | TALON: 0.53s | Overhead: 0.00s | Speedup: 1.07x | Parity: True
2026-08-02 19:33:09,254 | INFO | Question 424/644 finished in 1.11 seconds
2026-08-02 19:33:09,254 | INFO | Processing sample 425/644 (id=specbench_281, category=summarization)
2026-08-02 19:33:32,896 | INFO | Sample 425/644 | ID: specbench_281 | Category: summarization | Question Time: 23.64s | Baseline: 13.82s | TALON: 9.82s | Overhead: 0.01s | Speedup: 1.41x | Parity: True
2026-08-02 19:33:32,896 | INFO | Question 425/644 finished in 23.64 seconds
2026-08-02 19:33:32,896 | INFO | Processing sample 426/644 (id=HumanEval_61, category=humaneval)
2026-08-02 19:33:35,474 | INFO | Sample 426/644 | ID: HumanEval_61 | Category: humaneval | Question Time: 2.58s | Baseline: 1.41s | TALON: 1.17s | Overhead: 0.00s | Speedup: 1.20x | Parity: True
2026-08-02 19:33:35,474 | INFO | Question 426/644 finished in 2.58 seconds
2026-08-02 19:33:35,474 | INFO | Processing sample 427/644 (id=HumanEval_30, category=humaneval)
2026-08-02 19:33:36,326 | INFO | Sample 427/644 | ID: HumanEval_30 | Category: humaneval | Question Time: 0.85s | Baseline: 0.39s | TALON: 0.46s | Overhead: 0.00s | Speedup: 0.85x | Parity: True
2026-08-02 19:33:36,326 | INFO | Question 427/644 finished in 0.85 seconds
2026-08-02 19:33:36,326 | INFO | Processing sample 428/644 (id=specbench_149, category=stem)
2026-08-02 19:33:59,595 | INFO | Sample 428/644 | ID: specbench_149 | Category: stem | Question Time: 23.27s | Baseline: 12.24s | TALON: 11.03s | Overhead: 0.00s | Speedup: 1.11x | Parity: True
2026-08-02 19:33:59,596 | INFO | Question 428/644 finished in 23.27 seconds
2026-08-02 19:33:59,596 | INFO | Processing sample 429/644 (id=specbench_466, category=math_reasoning)
2026-08-02 19:34:21,236 | INFO | Sample 429/644 | ID: specbench_466 | Category: math_reasoning | Question Time: 21.64s | Baseline: 12.37s | TALON: 9.26s | Overhead: 0.00s | Speedup: 1.34x | Parity: True
2026-08-02 19:34:21,236 | INFO | Question 429/644 finished in 21.64 seconds
2026-08-02 19:34:21,236 | INFO | Processing sample 430/644 (id=specbench_140, category=extraction)
2026-08-02 19:34:44,191 | INFO | Sample 430/644 | ID: specbench_140 | Category: extraction | Question Time: 22.95s | Baseline: 12.64s | TALON: 10.31s | Overhead: 0.00s | Speedup: 1.23x | Parity: True
2026-08-02 19:34:44,191 | INFO | Question 430/644 finished in 22.95 seconds
2026-08-02 19:34:44,191 | INFO | Processing sample 431/644 (id=specbench_386, category=qa)
2026-08-02 19:34:47,136 | INFO | Sample 431/644 | ID: specbench_386 | Category: qa | Question Time: 2.94s | Baseline: 1.48s | TALON: 1.47s | Overhead: 0.00s | Speedup: 1.01x | Parity: True
2026-08-02 19:34:47,136 | INFO | Question 431/644 finished in 2.94 seconds
2026-08-02 19:34:47,136 | INFO | Processing sample 432/644 (id=specbench_188, category=translation)
2026-08-02 19:35:07,880 | INFO | Sample 432/644 | ID: specbench_188 | Category: translation | Question Time: 20.74s | Baseline: 12.26s | TALON: 8.48s | Overhead: 0.00s | Speedup: 1.45x | Parity: True
2026-08-02 19:35:07,881 | INFO | Question 432/644 finished in 20.74 seconds
2026-08-02 19:35:07,881 | INFO | Processing sample 433/644 (id=specbench_87, category=writing)
2026-08-02 19:35:08,322 | INFO | Sample 433/644 | ID: specbench_87 | Category: writing | Question Time: 0.44s | Baseline: 0.20s | TALON: 0.24s | Overhead: 0.00s | Speedup: 0.84x | Parity: True
2026-08-02 19:35:08,322 | INFO | Question 433/644 finished in 0.44 seconds
2026-08-02 19:35:08,322 | INFO | Processing sample 434/644 (id=specbench_264, category=summarization)
2026-08-02 19:35:33,375 | INFO | Sample 434/644 | ID: specbench_264 | Category: summarization | Question Time: 25.05s | Baseline: 14.53s | TALON: 10.51s | Overhead: 0.01s | Speedup: 1.38x | Parity: True
2026-08-02 19:35:33,375 | INFO | Question 434/644 finished in 25.05 seconds
2026-08-02 19:35:33,375 | INFO | Processing sample 435/644 (id=specbench_493, category=rag)
2026-08-02 19:35:57,202 | INFO | Sample 435/644 | ID: specbench_493 | Category: rag | Question Time: 23.83s | Baseline: 13.94s | TALON: 9.87s | Overhead: 0.01s | Speedup: 1.41x | Parity: True
2026-08-02 19:35:57,202 | INFO | Question 435/644 finished in 23.83 seconds
2026-08-02 19:35:57,202 | INFO | Processing sample 436/644 (id=specbench_377, category=qa)
2026-08-02 19:36:18,319 | INFO | Sample 436/644 | ID: specbench_377 | Category: qa | Question Time: 21.12s | Baseline: 12.16s | TALON: 8.95s | Overhead: 0.00s | Speedup: 1.36x | Parity: True
2026-08-02 19:36:18,320 | INFO | Question 436/644 finished in 21.12 seconds
2026-08-02 19:36:18,320 | INFO | Processing sample 437/644 (id=specbench_304, category=summarization)
2026-08-02 19:36:22,219 | INFO | Sample 437/644 | ID: specbench_304 | Category: summarization | Question Time: 3.90s | Baseline: 2.14s | TALON: 1.75s | Overhead: 0.00s | Speedup: 1.22x | Parity: True
2026-08-02 19:36:22,219 | INFO | Question 437/644 finished in 3.90 seconds
2026-08-02 19:36:22,219 | INFO | Processing sample 438/644 (id=HumanEval_116, category=humaneval)
2026-08-02 19:36:23,354 | INFO | Sample 438/644 | ID: HumanEval_116 | Category: humaneval | Question Time: 1.14s | Baseline: 0.55s | TALON: 0.59s | Overhead: 0.00s | Speedup: 0.93x | Parity: True
2026-08-02 19:36:23,355 | INFO | Question 438/644 finished in 1.14 seconds
2026-08-02 19:36:23,355 | INFO | Processing sample 439/644 (id=specbench_368, category=qa)
2026-08-02 19:36:44,656 | INFO | Sample 439/644 | ID: specbench_368 | Category: qa | Question Time: 21.30s | Baseline: 12.16s | TALON: 9.14s | Overhead: 0.00s | Speedup: 1.33x | Parity: True
2026-08-02 19:36:44,657 | INFO | Question 439/644 finished in 21.30 seconds
2026-08-02 19:36:44,657 | INFO | Processing sample 440/644 (id=specbench_185, category=translation)
2026-08-02 19:37:05,474 | INFO | Sample 440/644 | ID: specbench_185 | Category: translation | Question Time: 20.82s | Baseline: 12.21s | TALON: 8.60s | Overhead: 0.00s | Speedup: 1.42x | Parity: True
2026-08-02 19:37:05,474 | INFO | Question 440/644 finished in 20.82 seconds
2026-08-02 19:37:05,474 | INFO | Processing sample 441/644 (id=specbench_142, category=stem)
2026-08-02 19:37:26,493 | INFO | Sample 441/644 | ID: specbench_142 | Category: stem | Question Time: 21.02s | Baseline: 12.23s | TALON: 8.79s | Overhead: 0.00s | Speedup: 1.39x | Parity: True
2026-08-02 19:37:26,493 | INFO | Question 441/644 finished in 21.02 seconds
2026-08-02 19:37:26,493 | INFO | Processing sample 442/644 (id=HumanEval_74, category=humaneval)
2026-08-02 19:37:29,648 | INFO | Sample 442/644 | ID: HumanEval_74 | Category: humaneval | Question Time: 3.15s | Baseline: 1.67s | TALON: 1.48s | Overhead: 0.00s | Speedup: 1.13x | Parity: True
2026-08-02 19:37:29,648 | INFO | Question 442/644 finished in 3.15 seconds
2026-08-02 19:37:29,648 | INFO | Processing sample 443/644 (id=specbench_560, category=rag)
2026-08-02 19:37:54,188 | INFO | Sample 443/644 | ID: specbench_560 | Category: rag | Question Time: 24.54s | Baseline: 13.83s | TALON: 10.70s | Overhead: 0.01s | Speedup: 1.29x | Parity: True
2026-08-02 19:37:54,188 | INFO | Question 443/644 finished in 24.54 seconds
2026-08-02 19:37:54,188 | INFO | Processing sample 444/644 (id=specbench_360, category=qa)
2026-08-02 19:38:14,820 | INFO | Sample 444/644 | ID: specbench_360 | Category: qa | Question Time: 20.63s | Baseline: 12.18s | TALON: 8.45s | Overhead: 0.00s | Speedup: 1.44x | Parity: True
2026-08-02 19:38:14,820 | INFO | Question 444/644 finished in 20.63 seconds
2026-08-02 19:38:14,820 | INFO | Processing sample 445/644 (id=specbench_460, category=math_reasoning)
2026-08-02 19:38:36,330 | INFO | Sample 445/644 | ID: specbench_460 | Category: math_reasoning | Question Time: 21.51s | Baseline: 12.25s | TALON: 9.26s | Overhead: 0.00s | Speedup: 1.32x | Parity: True
2026-08-02 19:38:36,330 | INFO | Question 445/644 finished in 21.51 seconds
2026-08-02 19:38:36,330 | INFO | Processing sample 446/644 (id=specbench_162, category=translation)
2026-08-02 19:38:57,128 | INFO | Sample 446/644 | ID: specbench_162 | Category: translation | Question Time: 20.80s | Baseline: 12.24s | TALON: 8.55s | Overhead: 0.00s | Speedup: 1.43x | Parity: True
2026-08-02 19:38:57,128 | INFO | Question 446/644 finished in 20.80 seconds
2026-08-02 19:38:57,128 | INFO | Processing sample 447/644 (id=specbench_403, category=math_reasoning)
2026-08-02 19:39:18,063 | INFO | Sample 447/644 | ID: specbench_403 | Category: math_reasoning | Question Time: 20.94s | Baseline: 12.22s | TALON: 8.71s | Overhead: 0.00s | Speedup: 1.40x | Parity: True
2026-08-02 19:39:18,063 | INFO | Question 447/644 finished in 20.94 seconds
2026-08-02 19:39:18,064 | INFO | Processing sample 448/644 (id=specbench_83, category=writing)
2026-08-02 19:39:38,814 | INFO | Sample 448/644 | ID: specbench_83 | Category: writing | Question Time: 20.75s | Baseline: 12.24s | TALON: 8.50s | Overhead: 0.00s | Speedup: 1.44x | Parity: True
2026-08-02 19:39:38,814 | INFO | Question 448/644 finished in 20.75 seconds
2026-08-02 19:39:38,814 | INFO | Processing sample 449/644 (id=specbench_85, category=writing)
2026-08-02 19:40:00,773 | INFO | Sample 449/644 | ID: specbench_85 | Category: writing | Question Time: 21.96s | Baseline: 12.19s | TALON: 9.77s | Overhead: 0.00s | Speedup: 1.25x | Parity: True
2026-08-02 19:40:00,773 | INFO | Question 449/644 finished in 21.96 seconds
2026-08-02 19:40:00,773 | INFO | Processing sample 450/644 (id=specbench_383, category=qa)
2026-08-02 19:40:22,398 | INFO | Sample 450/644 | ID: specbench_383 | Category: qa | Question Time: 21.62s | Baseline: 12.16s | TALON: 9.46s | Overhead: 0.00s | Speedup: 1.29x | Parity: True
2026-08-02 19:40:22,398 | INFO | Question 450/644 finished in 21.62 seconds
2026-08-02 19:40:22,398 | INFO | Processing sample 451/644 (id=specbench_187, category=translation)
2026-08-02 19:40:43,241 | INFO | Sample 451/644 | ID: specbench_187 | Category: translation | Question Time: 20.84s | Baseline: 12.25s | TALON: 8.59s | Overhead: 0.00s | Speedup: 1.42x | Parity: True
2026-08-02 19:40:43,241 | INFO | Question 451/644 finished in 20.84 seconds
2026-08-02 19:40:43,241 | INFO | Processing sample 452/644 (id=specbench_478, category=math_reasoning)
2026-08-02 19:40:44,428 | INFO | Sample 452/644 | ID: specbench_478 | Category: math_reasoning | Question Time: 1.19s | Baseline: 0.57s | TALON: 0.61s | Overhead: 0.00s | Speedup: 0.93x | Parity: True
2026-08-02 19:40:44,429 | INFO | Question 452/644 finished in 1.19 seconds
2026-08-02 19:40:44,429 | INFO | Processing sample 453/644 (id=specbench_357, category=qa)
2026-08-02 19:41:08,441 | INFO | Sample 453/644 | ID: specbench_357 | Category: qa | Question Time: 24.01s | Baseline: 12.17s | TALON: 11.84s | Overhead: 0.00s | Speedup: 1.03x | Parity: True
2026-08-02 19:41:08,442 | INFO | Question 453/644 finished in 24.01 seconds
2026-08-02 19:41:08,442 | INFO | Processing sample 454/644 (id=specbench_107, category=reasoning)
2026-08-02 19:41:29,137 | INFO | Sample 454/644 | ID: specbench_107 | Category: reasoning | Question Time: 20.70s | Baseline: 12.20s | TALON: 8.49s | Overhead: 0.00s | Speedup: 1.44x | Parity: True
2026-08-02 19:41:29,137 | INFO | Question 454/644 finished in 20.70 seconds
2026-08-02 19:41:29,137 | INFO | Processing sample 455/644 (id=specbench_303, category=summarization)
2026-08-02 19:41:52,400 | INFO | Sample 455/644 | ID: specbench_303 | Category: summarization | Question Time: 23.26s | Baseline: 13.78s | TALON: 9.47s | Overhead: 0.01s | Speedup: 1.45x | Parity: True
2026-08-02 19:41:52,400 | INFO | Question 455/644 finished in 23.26 seconds
2026-08-02 19:41:52,400 | INFO | Processing sample 456/644 (id=specbench_282, category=summarization)
2026-08-02 19:42:17,262 | INFO | Sample 456/644 | ID: specbench_282 | Category: summarization | Question Time: 24.86s | Baseline: 14.76s | TALON: 10.09s | Overhead: 0.01s | Speedup: 1.46x | Parity: True
2026-08-02 19:42:17,262 | INFO | Question 456/644 finished in 24.86 seconds
2026-08-02 19:42:17,262 | INFO | Processing sample 457/644 (id=specbench_154, category=humanities)
2026-08-02 19:42:38,663 | INFO | Sample 457/644 | ID: specbench_154 | Category: humanities | Question Time: 21.40s | Baseline: 12.24s | TALON: 9.16s | Overhead: 0.00s | Speedup: 1.34x | Parity: True
2026-08-02 19:42:38,663 | INFO | Question 457/644 finished in 21.40 seconds
2026-08-02 19:42:38,663 | INFO | Processing sample 458/644 (id=specbench_438, category=math_reasoning)
2026-08-02 19:42:39,727 | INFO | Sample 458/644 | ID: specbench_438 | Category: math_reasoning | Question Time: 1.06s | Baseline: 0.57s | TALON: 0.49s | Overhead: 0.00s | Speedup: 1.17x | Parity: True
2026-08-02 19:42:39,727 | INFO | Question 458/644 finished in 1.06 seconds
2026-08-02 19:42:39,727 | INFO | Processing sample 459/644 (id=specbench_411, category=math_reasoning)
2026-08-02 19:42:40,880 | INFO | Sample 459/644 | ID: specbench_411 | Category: math_reasoning | Question Time: 1.15s | Baseline: 0.57s | TALON: 0.58s | Overhead: 0.00s | Speedup: 0.98x | Parity: True
2026-08-02 19:42:40,880 | INFO | Question 459/644 finished in 1.15 seconds
2026-08-02 19:42:40,880 | INFO | Processing sample 460/644 (id=specbench_266, category=summarization)
2026-08-02 19:43:05,688 | INFO | Sample 460/644 | ID: specbench_266 | Category: summarization | Question Time: 24.81s | Baseline: 14.42s | TALON: 10.38s | Overhead: 0.01s | Speedup: 1.39x | Parity: True
2026-08-02 19:43:05,688 | INFO | Question 460/644 finished in 24.81 seconds
2026-08-02 19:43:05,688 | INFO | Processing sample 461/644 (id=specbench_505, category=rag)
2026-08-02 19:43:32,081 | INFO | Sample 461/644 | ID: specbench_505 | Category: rag | Question Time: 26.39s | Baseline: 13.83s | TALON: 12.55s | Overhead: 0.01s | Speedup: 1.10x | Parity: True
2026-08-02 19:43:32,081 | INFO | Question 461/644 finished in 26.39 seconds
2026-08-02 19:43:32,081 | INFO | Processing sample 462/644 (id=specbench_302, category=summarization)
2026-08-02 19:43:55,863 | INFO | Sample 462/644 | ID: specbench_302 | Category: summarization | Question Time: 23.78s | Baseline: 14.01s | TALON: 9.76s | Overhead: 0.01s | Speedup: 1.43x | Parity: True
2026-08-02 19:43:55,863 | INFO | Question 462/644 finished in 23.78 seconds
2026-08-02 19:43:55,863 | INFO | Processing sample 463/644 (id=HumanEval_19, category=humaneval)
2026-08-02 19:43:56,832 | INFO | Sample 463/644 | ID: HumanEval_19 | Category: humaneval | Question Time: 0.97s | Baseline: 0.46s | TALON: 0.51s | Overhead: 0.00s | Speedup: 0.91x | Parity: True
2026-08-02 19:43:56,832 | INFO | Question 463/644 finished in 0.97 seconds
2026-08-02 19:43:56,832 | INFO | Processing sample 464/644 (id=HumanEval_25, category=humaneval)
2026-08-02 19:43:59,576 | INFO | Sample 464/644 | ID: HumanEval_25 | Category: humaneval | Question Time: 2.74s | Baseline: 1.45s | TALON: 1.30s | Overhead: 0.00s | Speedup: 1.12x | Parity: True
2026-08-02 19:43:59,576 | INFO | Question 464/644 finished in 2.74 seconds
2026-08-02 19:43:59,576 | INFO | Processing sample 465/644 (id=HumanEval_112, category=humaneval)
2026-08-02 19:44:00,385 | INFO | Sample 465/644 | ID: HumanEval_112 | Category: humaneval | Question Time: 0.81s | Baseline: 0.36s | TALON: 0.45s | Overhead: 0.00s | Speedup: 0.81x | Parity: True
2026-08-02 19:44:00,385 | INFO | Question 465/644 finished in 0.81 seconds
2026-08-02 19:44:00,385 | INFO | Processing sample 466/644 (id=specbench_502, category=rag)
2026-08-02 19:44:26,596 | INFO | Sample 466/644 | ID: specbench_502 | Category: rag | Question Time: 26.21s | Baseline: 13.70s | TALON: 12.50s | Overhead: 0.01s | Speedup: 1.10x | Parity: True
2026-08-02 19:44:26,596 | INFO | Question 466/644 finished in 26.21 seconds
2026-08-02 19:44:26,596 | INFO | Processing sample 467/644 (id=HumanEval_91, category=humaneval)
2026-08-02 19:44:28,123 | INFO | Sample 467/644 | ID: HumanEval_91 | Category: humaneval | Question Time: 1.53s | Baseline: 0.77s | TALON: 0.76s | Overhead: 0.00s | Speedup: 1.01x | Parity: True
2026-08-02 19:44:28,123 | INFO | Question 467/644 finished in 1.53 seconds
2026-08-02 19:44:28,123 | INFO | Processing sample 468/644 (id=specbench_451, category=math_reasoning)
2026-08-02 19:44:49,857 | INFO | Sample 468/644 | ID: specbench_451 | Category: math_reasoning | Question Time: 21.73s | Baseline: 12.32s | TALON: 9.42s | Overhead: 0.00s | Speedup: 1.31x | Parity: True
2026-08-02 19:44:49,857 | INFO | Question 468/644 finished in 21.73 seconds
2026-08-02 19:44:49,857 | INFO | Processing sample 469/644 (id=specbench_311, category=summarization)
2026-08-02 19:45:15,214 | INFO | Sample 469/644 | ID: specbench_311 | Category: summarization | Question Time: 25.36s | Baseline: 14.93s | TALON: 10.41s | Overhead: 0.01s | Speedup: 1.43x | Parity: True
2026-08-02 19:45:15,214 | INFO | Question 469/644 finished in 25.36 seconds
2026-08-02 19:45:15,214 | INFO | Processing sample 470/644 (id=specbench_528, category=rag)
2026-08-02 19:45:39,535 | INFO | Sample 470/644 | ID: specbench_528 | Category: rag | Question Time: 24.32s | Baseline: 13.85s | TALON: 10.46s | Overhead: 0.01s | Speedup: 1.32x | Parity: True
2026-08-02 19:45:39,535 | INFO | Question 470/644 finished in 24.32 seconds
2026-08-02 19:45:39,535 | INFO | Processing sample 471/644 (id=HumanEval_17, category=humaneval)
2026-08-02 19:45:40,630 | INFO | Sample 471/644 | ID: HumanEval_17 | Category: humaneval | Question Time: 1.09s | Baseline: 0.52s | TALON: 0.57s | Overhead: 0.00s | Speedup: 0.91x | Parity: True
2026-08-02 19:45:40,630 | INFO | Question 471/644 finished in 1.09 seconds
2026-08-02 19:45:40,630 | INFO | Processing sample 472/644 (id=specbench_367, category=qa)
2026-08-02 19:46:01,412 | INFO | Sample 472/644 | ID: specbench_367 | Category: qa | Question Time: 20.78s | Baseline: 12.18s | TALON: 8.60s | Overhead: 0.00s | Speedup: 1.42x | Parity: True
2026-08-02 19:46:01,413 | INFO | Question 472/644 finished in 20.78 seconds
2026-08-02 19:46:01,413 | INFO | Processing sample 473/644 (id=specbench_249, category=summarization)
2026-08-02 19:46:25,663 | INFO | Sample 473/644 | ID: specbench_249 | Category: summarization | Question Time: 24.25s | Baseline: 13.62s | TALON: 10.63s | Overhead: 0.01s | Speedup: 1.28x | Parity: True
2026-08-02 19:46:25,663 | INFO | Question 473/644 finished in 24.25 seconds
2026-08-02 19:46:25,664 | INFO | Processing sample 474/644 (id=specbench_280, category=summarization)
2026-08-02 19:46:50,584 | INFO | Sample 474/644 | ID: specbench_280 | Category: summarization | Question Time: 24.92s | Baseline: 14.58s | TALON: 10.33s | Overhead: 0.01s | Speedup: 1.41x | Parity: True
2026-08-02 19:46:50,584 | INFO | Question 474/644 finished in 24.92 seconds
2026-08-02 19:46:50,584 | INFO | Processing sample 475/644 (id=HumanEval_49, category=humaneval)
2026-08-02 19:46:51,887 | INFO | Sample 475/644 | ID: HumanEval_49 | Category: humaneval | Question Time: 1.30s | Baseline: 0.63s | TALON: 0.67s | Overhead: 0.00s | Speedup: 0.93x | Parity: True
2026-08-02 19:46:51,887 | INFO | Question 475/644 finished in 1.30 seconds
2026-08-02 19:46:51,887 | INFO | Processing sample 476/644 (id=specbench_387, category=qa)
2026-08-02 19:47:12,799 | INFO | Sample 476/644 | ID: specbench_387 | Category: qa | Question Time: 20.91s | Baseline: 12.18s | TALON: 8.72s | Overhead: 0.00s | Speedup: 1.40x | Parity: True
2026-08-02 19:47:12,799 | INFO | Question 476/644 finished in 20.91 seconds
2026-08-02 19:47:12,799 | INFO | Processing sample 477/644 (id=specbench_312, category=summarization)
2026-08-02 19:47:36,160 | INFO | Sample 477/644 | ID: specbench_312 | Category: summarization | Question Time: 23.36s | Baseline: 13.83s | TALON: 9.52s | Overhead: 0.01s | Speedup: 1.45x | Parity: True
2026-08-02 19:47:36,160 | INFO | Question 477/644 finished in 23.36 seconds
2026-08-02 19:47:36,160 | INFO | Processing sample 478/644 (id=specbench_199, category=translation)
2026-08-02 19:47:57,191 | INFO | Sample 478/644 | ID: specbench_199 | Category: translation | Question Time: 21.03s | Baseline: 12.20s | TALON: 8.83s | Overhead: 0.00s | Speedup: 1.38x | Parity: True
2026-08-02 19:47:57,191 | INFO | Question 478/644 finished in 21.03 seconds
2026-08-02 19:47:57,191 | INFO | Processing sample 479/644 (id=specbench_325, category=qa)
2026-08-02 19:48:19,121 | INFO | Sample 479/644 | ID: specbench_325 | Category: qa | Question Time: 21.93s | Baseline: 12.17s | TALON: 9.76s | Overhead: 0.00s | Speedup: 1.25x | Parity: True
2026-08-02 19:48:19,121 | INFO | Question 479/644 finished in 21.93 seconds
2026-08-02 19:48:19,121 | INFO | Processing sample 480/644 (id=specbench_454, category=math_reasoning)
2026-08-02 19:48:20,322 | INFO | Sample 480/644 | ID: specbench_454 | Category: math_reasoning | Question Time: 1.20s | Baseline: 0.61s | TALON: 0.59s | Overhead: 0.00s | Speedup: 1.03x | Parity: True
2026-08-02 19:48:20,322 | INFO | Question 480/644 finished in 1.20 seconds
2026-08-02 19:48:20,322 | INFO | Processing sample 481/644 (id=specbench_549, category=rag)
2026-08-02 19:48:22,236 | INFO | Sample 481/644 | ID: specbench_549 | Category: rag | Question Time: 1.91s | Baseline: 0.86s | TALON: 1.05s | Overhead: 0.01s | Speedup: 0.81x | Parity: True
2026-08-02 19:48:22,236 | INFO | Question 481/644 finished in 1.91 seconds
2026-08-02 19:48:22,236 | INFO | Processing sample 482/644 (id=specbench_216, category=translation)
2026-08-02 19:48:43,090 | INFO | Sample 482/644 | ID: specbench_216 | Category: translation | Question Time: 20.85s | Baseline: 12.24s | TALON: 8.61s | Overhead: 0.00s | Speedup: 1.42x | Parity: True
2026-08-02 19:48:43,090 | INFO | Question 482/644 finished in 20.85 seconds
2026-08-02 19:48:43,090 | INFO | Processing sample 483/644 (id=specbench_326, category=qa)
2026-08-02 19:49:04,769 | INFO | Sample 483/644 | ID: specbench_326 | Category: qa | Question Time: 21.68s | Baseline: 12.17s | TALON: 9.51s | Overhead: 0.00s | Speedup: 1.28x | Parity: True
2026-08-02 19:49:04,769 | INFO | Question 483/644 finished in 21.68 seconds
2026-08-02 19:49:04,769 | INFO | Processing sample 484/644 (id=specbench_309, category=summarization)
2026-08-02 19:49:28,062 | INFO | Sample 484/644 | ID: specbench_309 | Category: summarization | Question Time: 23.29s | Baseline: 13.48s | TALON: 9.81s | Overhead: 0.01s | Speedup: 1.37x | Parity: True
2026-08-02 19:49:28,062 | INFO | Question 484/644 finished in 23.29 seconds
2026-08-02 19:49:28,062 | INFO | Processing sample 485/644 (id=specbench_558, category=rag)
2026-08-02 19:49:51,766 | INFO | Sample 485/644 | ID: specbench_558 | Category: rag | Question Time: 23.70s | Baseline: 13.82s | TALON: 9.88s | Overhead: 0.01s | Speedup: 1.40x | Parity: True
2026-08-02 19:49:51,766 | INFO | Question 485/644 finished in 23.70 seconds
2026-08-02 19:49:51,766 | INFO | Processing sample 486/644 (id=specbench_208, category=translation)
2026-08-02 19:50:12,469 | INFO | Sample 486/644 | ID: specbench_208 | Category: translation | Question Time: 20.70s | Baseline: 12.20s | TALON: 8.51s | Overhead: 0.00s | Speedup: 1.43x | Parity: True
2026-08-02 19:50:12,469 | INFO | Question 486/644 finished in 20.70 seconds
2026-08-02 19:50:12,469 | INFO | Processing sample 487/644 (id=specbench_129, category=coding)
2026-08-02 19:50:34,480 | INFO | Sample 487/644 | ID: specbench_129 | Category: coding | Question Time: 22.01s | Baseline: 12.21s | TALON: 9.80s | Overhead: 0.00s | Speedup: 1.25x | Parity: True
2026-08-02 19:50:34,481 | INFO | Question 487/644 finished in 22.01 seconds
2026-08-02 19:50:34,481 | INFO | Processing sample 488/644 (id=HumanEval_14, category=humaneval)
2026-08-02 19:50:35,687 | INFO | Sample 488/644 | ID: HumanEval_14 | Category: humaneval | Question Time: 1.21s | Baseline: 0.62s | TALON: 0.59s | Overhead: 0.00s | Speedup: 1.06x | Parity: True
2026-08-02 19:50:35,688 | INFO | Question 488/644 finished in 1.21 seconds
2026-08-02 19:50:35,688 | INFO | Processing sample 489/644 (id=specbench_95, category=roleplay)
2026-08-02 19:50:56,537 | INFO | Sample 489/644 | ID: specbench_95 | Category: roleplay | Question Time: 20.85s | Baseline: 12.35s | TALON: 8.50s | Overhead: 0.00s | Speedup: 1.45x | Parity: True
2026-08-02 19:50:56,537 | INFO | Question 489/644 finished in 20.85 seconds
2026-08-02 19:50:56,537 | INFO | Processing sample 490/644 (id=specbench_231, category=translation)
2026-08-02 19:51:17,435 | INFO | Sample 490/644 | ID: specbench_231 | Category: translation | Question Time: 20.90s | Baseline: 12.21s | TALON: 8.68s | Overhead: 0.00s | Speedup: 1.41x | Parity: True
2026-08-02 19:51:17,436 | INFO | Question 490/644 finished in 20.90 seconds
2026-08-02 19:51:17,436 | INFO | Processing sample 491/644 (id=specbench_170, category=translation)
2026-08-02 19:51:38,226 | INFO | Sample 491/644 | ID: specbench_170 | Category: translation | Question Time: 20.79s | Baseline: 12.20s | TALON: 8.59s | Overhead: 0.00s | Speedup: 1.42x | Parity: True
2026-08-02 19:51:38,226 | INFO | Question 491/644 finished in 20.79 seconds
2026-08-02 19:51:38,226 | INFO | Processing sample 492/644 (id=specbench_463, category=math_reasoning)
2026-08-02 19:52:00,211 | INFO | Sample 492/644 | ID: specbench_463 | Category: math_reasoning | Question Time: 21.98s | Baseline: 12.25s | TALON: 9.73s | Overhead: 0.00s | Speedup: 1.26x | Parity: True
2026-08-02 19:52:00,211 | INFO | Question 492/644 finished in 21.98 seconds
2026-08-02 19:52:00,211 | INFO | Processing sample 493/644 (id=specbench_432, category=math_reasoning)
2026-08-02 19:52:20,929 | INFO | Sample 493/644 | ID: specbench_432 | Category: math_reasoning | Question Time: 20.72s | Baseline: 12.21s | TALON: 8.50s | Overhead: 0.00s | Speedup: 1.44x | Parity: True
2026-08-02 19:52:20,929 | INFO | Question 493/644 finished in 20.72 seconds
2026-08-02 19:52:20,929 | INFO | Processing sample 494/644 (id=specbench_98, category=roleplay)
2026-08-02 19:52:22,705 | INFO | Sample 494/644 | ID: specbench_98 | Category: roleplay | Question Time: 1.78s | Baseline: 0.97s | TALON: 0.81s | Overhead: 0.00s | Speedup: 1.19x | Parity: True
2026-08-02 19:52:22,706 | INFO | Question 494/644 finished in 1.78 seconds
2026-08-02 19:52:22,706 | INFO | Processing sample 495/644 (id=HumanEval_71, category=humaneval)
2026-08-02 19:52:24,990 | INFO | Sample 495/644 | ID: HumanEval_71 | Category: humaneval | Question Time: 2.28s | Baseline: 1.16s | TALON: 1.12s | Overhead: 0.00s | Speedup: 1.04x | Parity: True
2026-08-02 19:52:24,991 | INFO | Question 495/644 finished in 2.28 seconds
2026-08-02 19:52:24,991 | INFO | Processing sample 496/644 (id=HumanEval_157, category=humaneval)
2026-08-02 19:52:26,968 | INFO | Sample 496/644 | ID: HumanEval_157 | Category: humaneval | Question Time: 1.98s | Baseline: 1.07s | TALON: 0.90s | Overhead: 0.00s | Speedup: 1.19x | Parity: True
2026-08-02 19:52:26,968 | INFO | Question 496/644 finished in 1.98 seconds
2026-08-02 19:52:26,968 | INFO | Processing sample 497/644 (id=specbench_389, category=qa)
2026-08-02 19:52:47,972 | INFO | Sample 497/644 | ID: specbench_389 | Category: qa | Question Time: 21.00s | Baseline: 12.18s | TALON: 8.82s | Overhead: 0.00s | Speedup: 1.38x | Parity: True
2026-08-02 19:52:47,972 | INFO | Question 497/644 finished in 21.00 seconds
2026-08-02 19:52:47,972 | INFO | Processing sample 498/644 (id=specbench_546, category=rag)
2026-08-02 19:53:11,860 | INFO | Sample 498/644 | ID: specbench_546 | Category: rag | Question Time: 23.89s | Baseline: 13.86s | TALON: 10.02s | Overhead: 0.01s | Speedup: 1.38x | Parity: True
2026-08-02 19:53:11,860 | INFO | Question 498/644 finished in 23.89 seconds
2026-08-02 19:53:11,860 | INFO | Processing sample 499/644 (id=specbench_253, category=summarization)
2026-08-02 19:53:39,080 | INFO | Sample 499/644 | ID: specbench_253 | Category: summarization | Question Time: 27.22s | Baseline: 15.50s | TALON: 11.70s | Overhead: 0.01s | Speedup: 1.32x | Parity: True
2026-08-02 19:53:39,080 | INFO | Question 499/644 finished in 27.22 seconds
2026-08-02 19:53:39,080 | INFO | Processing sample 500/644 (id=specbench_183, category=translation)
2026-08-02 19:54:00,160 | INFO | Sample 500/644 | ID: specbench_183 | Category: translation | Question Time: 21.08s | Baseline: 12.24s | TALON: 8.83s | Overhead: 0.00s | Speedup: 1.39x | Parity: True
2026-08-02 19:54:00,160 | INFO | Question 500/644 finished in 21.08 seconds
2026-08-02 19:54:00,160 | INFO | Processing sample 501/644 (id=specbench_472, category=math_reasoning)
2026-08-02 19:54:20,837 | INFO | Sample 501/644 | ID: specbench_472 | Category: math_reasoning | Question Time: 20.68s | Baseline: 12.21s | TALON: 8.46s | Overhead: 0.00s | Speedup: 1.44x | Parity: True
2026-08-02 19:54:20,837 | INFO | Question 501/644 finished in 20.68 seconds
2026-08-02 19:54:20,837 | INFO | Processing sample 502/644 (id=specbench_263, category=summarization)
2026-08-02 19:54:36,240 | INFO | Sample 502/644 | ID: specbench_263 | Category: summarization | Question Time: 15.40s | Baseline: 8.97s | TALON: 6.43s | Overhead: 0.01s | Speedup: 1.40x | Parity: True
2026-08-02 19:54:36,240 | INFO | Question 502/644 finished in 15.40 seconds
2026-08-02 19:54:36,240 | INFO | Processing sample 503/644 (id=HumanEval_39, category=humaneval)
2026-08-02 19:54:57,466 | INFO | Sample 503/644 | ID: HumanEval_39 | Category: humaneval | Question Time: 21.23s | Baseline: 12.34s | TALON: 8.88s | Overhead: 0.00s | Speedup: 1.39x | Parity: True
2026-08-02 19:54:57,466 | INFO | Question 503/644 finished in 21.23 seconds
2026-08-02 19:54:57,466 | INFO | Processing sample 504/644 (id=specbench_511, category=rag)
2026-08-02 19:55:21,964 | INFO | Sample 504/644 | ID: specbench_511 | Category: rag | Question Time: 24.50s | Baseline: 13.85s | TALON: 10.64s | Overhead: 0.01s | Speedup: 1.30x | Parity: True
2026-08-02 19:55:21,964 | INFO | Question 504/644 finished in 24.50 seconds
2026-08-02 19:55:21,964 | INFO | Processing sample 505/644 (id=HumanEval_114, category=humaneval)
2026-08-02 19:55:26,005 | INFO | Sample 505/644 | ID: HumanEval_114 | Category: humaneval | Question Time: 4.04s | Baseline: 2.17s | TALON: 1.86s | Overhead: 0.00s | Speedup: 1.17x | Parity: True
2026-08-02 19:55:26,005 | INFO | Question 505/644 finished in 4.04 seconds
2026-08-02 19:55:26,005 | INFO | Processing sample 506/644 (id=specbench_93, category=roleplay)
2026-08-02 19:55:49,012 | INFO | Sample 506/644 | ID: specbench_93 | Category: roleplay | Question Time: 23.01s | Baseline: 12.31s | TALON: 10.69s | Overhead: 0.00s | Speedup: 1.15x | Parity: True
2026-08-02 19:55:49,012 | INFO | Question 506/644 finished in 23.01 seconds
2026-08-02 19:55:49,012 | INFO | Processing sample 507/644 (id=HumanEval_101, category=humaneval)
2026-08-02 19:55:49,538 | INFO | Sample 507/644 | ID: HumanEval_101 | Category: humaneval | Question Time: 0.53s | Baseline: 0.21s | TALON: 0.32s | Overhead: 0.00s | Speedup: 0.66x | Parity: True
2026-08-02 19:55:49,538 | INFO | Question 507/644 finished in 0.53 seconds
2026-08-02 19:55:49,538 | INFO | Processing sample 508/644 (id=specbench_381, category=qa)
2026-08-02 19:56:10,936 | INFO | Sample 508/644 | ID: specbench_381 | Category: qa | Question Time: 21.40s | Baseline: 12.17s | TALON: 9.23s | Overhead: 0.00s | Speedup: 1.32x | Parity: True
2026-08-02 19:56:10,936 | INFO | Question 508/644 finished in 21.40 seconds
2026-08-02 19:56:10,936 | INFO | Processing sample 509/644 (id=specbench_176, category=translation)
2026-08-02 19:56:31,827 | INFO | Sample 509/644 | ID: specbench_176 | Category: translation | Question Time: 20.89s | Baseline: 12.22s | TALON: 8.67s | Overhead: 0.00s | Speedup: 1.41x | Parity: True
2026-08-02 19:56:31,827 | INFO | Question 509/644 finished in 20.89 seconds
2026-08-02 19:56:31,827 | INFO | Processing sample 510/644 (id=HumanEval_95, category=humaneval)
2026-08-02 19:56:36,806 | INFO | Sample 510/644 | ID: HumanEval_95 | Category: humaneval | Question Time: 4.98s | Baseline: 2.65s | TALON: 2.32s | Overhead: 0.00s | Speedup: 1.14x | Parity: True
2026-08-02 19:56:36,806 | INFO | Question 510/644 finished in 4.98 seconds
2026-08-02 19:56:36,806 | INFO | Processing sample 511/644 (id=specbench_165, category=translation)
2026-08-02 19:56:57,774 | INFO | Sample 511/644 | ID: specbench_165 | Category: translation | Question Time: 20.97s | Baseline: 12.19s | TALON: 8.78s | Overhead: 0.00s | Speedup: 1.39x | Parity: True
2026-08-02 19:56:57,774 | INFO | Question 511/644 finished in 20.97 seconds
2026-08-02 19:56:57,774 | INFO | Processing sample 512/644 (id=specbench_205, category=translation)
2026-08-02 19:57:18,554 | INFO | Sample 512/644 | ID: specbench_205 | Category: translation | Question Time: 20.78s | Baseline: 12.23s | TALON: 8.54s | Overhead: 0.00s | Speedup: 1.43x | Parity: True
2026-08-02 19:57:18,554 | INFO | Question 512/644 finished in 20.78 seconds
2026-08-02 19:57:18,554 | INFO | Processing sample 513/644 (id=specbench_348, category=qa)
2026-08-02 19:57:39,886 | INFO | Sample 513/644 | ID: specbench_348 | Category: qa | Question Time: 21.33s | Baseline: 12.17s | TALON: 9.16s | Overhead: 0.00s | Speedup: 1.33x | Parity: True
2026-08-02 19:57:39,886 | INFO | Question 513/644 finished in 21.33 seconds
2026-08-02 19:57:39,887 | INFO | Processing sample 514/644 (id=HumanEval_89, category=humaneval)
2026-08-02 19:57:40,875 | INFO | Sample 514/644 | ID: HumanEval_89 | Category: humaneval | Question Time: 0.99s | Baseline: 0.49s | TALON: 0.50s | Overhead: 0.00s | Speedup: 0.98x | Parity: True
2026-08-02 19:57:40,875 | INFO | Question 514/644 finished in 0.99 seconds
2026-08-02 19:57:40,875 | INFO | Processing sample 515/644 (id=HumanEval_79, category=humaneval)
2026-08-02 19:57:43,025 | INFO | Sample 515/644 | ID: HumanEval_79 | Category: humaneval | Question Time: 2.15s | Baseline: 1.08s | TALON: 1.07s | Overhead: 0.00s | Speedup: 1.01x | Parity: True
2026-08-02 19:57:43,025 | INFO | Question 515/644 finished in 2.15 seconds
2026-08-02 19:57:43,025 | INFO | Processing sample 516/644 (id=specbench_108, category=reasoning)
2026-08-02 19:57:50,142 | INFO | Sample 516/644 | ID: specbench_108 | Category: reasoning | Question Time: 7.12s | Baseline: 3.00s | TALON: 4.12s | Overhead: 0.00s | Speedup: 0.73x | Parity: True
2026-08-02 19:57:50,142 | INFO | Question 516/644 finished in 7.12 seconds
2026-08-02 19:57:50,142 | INFO | Processing sample 517/644 (id=specbench_118, category=math)
2026-08-02 19:58:11,005 | INFO | Sample 517/644 | ID: specbench_118 | Category: math | Question Time: 20.86s | Baseline: 12.21s | TALON: 8.65s | Overhead: 0.00s | Speedup: 1.41x | Parity: True
2026-08-02 19:58:11,006 | INFO | Question 517/644 finished in 20.86 seconds
2026-08-02 19:58:11,006 | INFO | Processing sample 518/644 (id=specbench_196, category=translation)
2026-08-02 19:58:31,877 | INFO | Sample 518/644 | ID: specbench_196 | Category: translation | Question Time: 20.87s | Baseline: 12.25s | TALON: 8.62s | Overhead: 0.00s | Speedup: 1.42x | Parity: True
2026-08-02 19:58:31,877 | INFO | Question 518/644 finished in 20.87 seconds
2026-08-02 19:58:31,877 | INFO | Processing sample 519/644 (id=specbench_369, category=qa)
2026-08-02 19:58:53,688 | INFO | Sample 519/644 | ID: specbench_369 | Category: qa | Question Time: 21.81s | Baseline: 12.16s | TALON: 9.65s | Overhead: 0.00s | Speedup: 1.26x | Parity: True
2026-08-02 19:58:53,688 | INFO | Question 519/644 finished in 21.81 seconds
2026-08-02 19:58:53,688 | INFO | Processing sample 520/644 (id=specbench_455, category=math_reasoning)
2026-08-02 19:58:54,787 | INFO | Sample 520/644 | ID: specbench_455 | Category: math_reasoning | Question Time: 1.10s | Baseline: 0.56s | TALON: 0.54s | Overhead: 0.00s | Speedup: 1.04x | Parity: True
2026-08-02 19:58:54,787 | INFO | Question 520/644 finished in 1.10 seconds
2026-08-02 19:58:54,787 | INFO | Processing sample 521/644 (id=HumanEval_161, category=humaneval)
2026-08-02 19:58:57,146 | INFO | Sample 521/644 | ID: HumanEval_161 | Category: humaneval | Question Time: 2.36s | Baseline: 1.18s | TALON: 1.17s | Overhead: 0.00s | Speedup: 1.01x | Parity: True
2026-08-02 19:58:57,146 | INFO | Question 521/644 finished in 2.36 seconds
2026-08-02 19:58:57,146 | INFO | Processing sample 522/644 (id=specbench_300, category=summarization)
2026-08-02 19:59:11,948 | INFO | Sample 522/644 | ID: specbench_300 | Category: summarization | Question Time: 14.80s | Baseline: 8.62s | TALON: 6.17s | Overhead: 0.01s | Speedup: 1.40x | Parity: True
2026-08-02 19:59:11,948 | INFO | Question 522/644 finished in 14.80 seconds
2026-08-02 19:59:11,948 | INFO | Processing sample 523/644 (id=specbench_103, category=reasoning)
2026-08-02 19:59:13,648 | INFO | Sample 523/644 | ID: specbench_103 | Category: reasoning | Question Time: 1.70s | Baseline: 0.84s | TALON: 0.86s | Overhead: 0.00s | Speedup: 0.98x | Parity: True
2026-08-02 19:59:13,648 | INFO | Question 523/644 finished in 1.70 seconds
2026-08-02 19:59:13,648 | INFO | Processing sample 524/644 (id=specbench_342, category=qa)
2026-08-02 19:59:35,043 | INFO | Sample 524/644 | ID: specbench_342 | Category: qa | Question Time: 21.40s | Baseline: 12.18s | TALON: 9.21s | Overhead: 0.00s | Speedup: 1.32x | Parity: True
2026-08-02 19:59:35,043 | INFO | Question 524/644 finished in 21.40 seconds
2026-08-02 19:59:35,043 | INFO | Processing sample 525/644 (id=HumanEval_6, category=humaneval)
2026-08-02 19:59:36,734 | INFO | Sample 525/644 | ID: HumanEval_6 | Category: humaneval | Question Time: 1.69s | Baseline: 0.77s | TALON: 0.92s | Overhead: 0.00s | Speedup: 0.84x | Parity: True
2026-08-02 19:59:36,734 | INFO | Question 525/644 finished in 1.69 seconds
2026-08-02 19:59:36,734 | INFO | Processing sample 526/644 (id=specbench_343, category=qa)
2026-08-02 19:59:57,824 | INFO | Sample 526/644 | ID: specbench_343 | Category: qa | Question Time: 21.09s | Baseline: 12.18s | TALON: 8.91s | Overhead: 0.00s | Speedup: 1.37x | Parity: True
2026-08-02 19:59:57,825 | INFO | Question 526/644 finished in 21.09 seconds
2026-08-02 19:59:57,825 | INFO | Processing sample 527/644 (id=specbench_117, category=math)
2026-08-02 20:00:18,624 | INFO | Sample 527/644 | ID: specbench_117 | Category: math | Question Time: 20.80s | Baseline: 12.19s | TALON: 8.61s | Overhead: 0.00s | Speedup: 1.42x | Parity: True
2026-08-02 20:00:18,624 | INFO | Question 527/644 finished in 20.80 seconds
2026-08-02 20:00:18,624 | INFO | Processing sample 528/644 (id=specbench_409, category=math_reasoning)
2026-08-02 20:00:19,841 | INFO | Sample 528/644 | ID: specbench_409 | Category: math_reasoning | Question Time: 1.22s | Baseline: 0.61s | TALON: 0.61s | Overhead: 0.00s | Speedup: 1.00x | Parity: True
2026-08-02 20:00:19,841 | INFO | Question 528/644 finished in 1.22 seconds
2026-08-02 20:00:19,841 | INFO | Processing sample 529/644 (id=specbench_517, category=rag)
2026-08-02 20:00:43,683 | INFO | Sample 529/644 | ID: specbench_517 | Category: rag | Question Time: 23.84s | Baseline: 13.66s | TALON: 10.18s | Overhead: 0.01s | Speedup: 1.34x | Parity: True
2026-08-02 20:00:43,684 | INFO | Question 529/644 finished in 23.84 seconds
2026-08-02 20:00:43,684 | INFO | Processing sample 530/644 (id=specbench_484, category=rag)
2026-08-02 20:01:07,117 | INFO | Sample 530/644 | ID: specbench_484 | Category: rag | Question Time: 23.43s | Baseline: 13.70s | TALON: 9.72s | Overhead: 0.01s | Speedup: 1.41x | Parity: True
2026-08-02 20:01:07,117 | INFO | Question 530/644 finished in 23.43 seconds
2026-08-02 20:01:07,117 | INFO | Processing sample 531/644 (id=specbench_452, category=math_reasoning)
2026-08-02 20:01:08,343 | INFO | Sample 531/644 | ID: specbench_452 | Category: math_reasoning | Question Time: 1.23s | Baseline: 0.61s | TALON: 0.61s | Overhead: 0.00s | Speedup: 1.00x | Parity: True
2026-08-02 20:01:08,343 | INFO | Question 531/644 finished in 1.23 seconds
2026-08-02 20:01:08,343 | INFO | Processing sample 532/644 (id=HumanEval_111, category=humaneval)
2026-08-02 20:01:11,254 | INFO | Sample 532/644 | ID: HumanEval_111 | Category: humaneval | Question Time: 2.91s | Baseline: 1.46s | TALON: 1.45s | Overhead: 0.00s | Speedup: 1.00x | Parity: True
2026-08-02 20:01:11,254 | INFO | Question 532/644 finished in 2.91 seconds
2026-08-02 20:01:11,254 | INFO | Processing sample 533/644 (id=HumanEval_152, category=humaneval)
2026-08-02 20:01:12,350 | INFO | Sample 533/644 | ID: HumanEval_152 | Category: humaneval | Question Time: 1.10s | Baseline: 0.53s | TALON: 0.56s | Overhead: 0.00s | Speedup: 0.95x | Parity: True
2026-08-02 20:01:12,350 | INFO | Question 533/644 finished in 1.10 seconds
2026-08-02 20:01:12,350 | INFO | Processing sample 534/644 (id=specbench_400, category=qa)
2026-08-02 20:01:33,633 | INFO | Sample 534/644 | ID: specbench_400 | Category: qa | Question Time: 21.28s | Baseline: 12.16s | TALON: 9.12s | Overhead: 0.00s | Speedup: 1.33x | Parity: True
2026-08-02 20:01:33,634 | INFO | Question 534/644 finished in 21.28 seconds
2026-08-02 20:01:33,634 | INFO | Processing sample 535/644 (id=HumanEval_128, category=humaneval)
2026-08-02 20:01:35,646 | INFO | Sample 535/644 | ID: HumanEval_128 | Category: humaneval | Question Time: 2.01s | Baseline: 1.00s | TALON: 1.01s | Overhead: 0.00s | Speedup: 1.00x | Parity: True
2026-08-02 20:01:35,646 | INFO | Question 535/644 finished in 2.01 seconds
2026-08-02 20:01:35,646 | INFO | Processing sample 536/644 (id=HumanEval_123, category=humaneval)
2026-08-02 20:01:38,978 | INFO | Sample 536/644 | ID: HumanEval_123 | Category: humaneval | Question Time: 3.33s | Baseline: 1.78s | TALON: 1.55s | Overhead: 0.00s | Speedup: 1.15x | Parity: True
2026-08-02 20:01:38,978 | INFO | Question 536/644 finished in 3.33 seconds
2026-08-02 20:01:38,978 | INFO | Processing sample 537/644 (id=specbench_123, category=coding)
2026-08-02 20:01:39,124 | INFO | Sample 537/644 | ID: specbench_123 | Category: coding | Question Time: 0.15s | Baseline: 0.03s | TALON: 0.11s | Overhead: 0.00s | Speedup: 0.26x | Parity: True
2026-08-02 20:01:39,124 | INFO | Question 537/644 finished in 0.15 seconds
2026-08-02 20:01:39,124 | INFO | Processing sample 538/644 (id=specbench_489, category=rag)
2026-08-02 20:01:52,184 | INFO | Sample 538/644 | ID: specbench_489 | Category: rag | Question Time: 13.06s | Baseline: 7.08s | TALON: 5.97s | Overhead: 0.01s | Speedup: 1.19x | Parity: True
2026-08-02 20:01:52,184 | INFO | Question 538/644 finished in 13.06 seconds
2026-08-02 20:01:52,184 | INFO | Processing sample 539/644 (id=HumanEval_160, category=humaneval)
2026-08-02 20:02:01,384 | INFO | Sample 539/644 | ID: HumanEval_160 | Category: humaneval | Question Time: 9.20s | Baseline: 4.92s | TALON: 4.27s | Overhead: 0.00s | Speedup: 1.15x | Parity: True
2026-08-02 20:02:01,385 | INFO | Question 539/644 finished in 9.20 seconds
2026-08-02 20:02:01,385 | INFO | Processing sample 540/644 (id=specbench_335, category=qa)
2026-08-02 20:02:22,745 | INFO | Sample 540/644 | ID: specbench_335 | Category: qa | Question Time: 21.36s | Baseline: 12.18s | TALON: 9.18s | Overhead: 0.00s | Speedup: 1.33x | Parity: True
2026-08-02 20:02:22,746 | INFO | Question 540/644 finished in 21.36 seconds
2026-08-02 20:02:22,746 | INFO | Processing sample 541/644 (id=HumanEval_44, category=humaneval)
2026-08-02 20:02:30,493 | INFO | Sample 541/644 | ID: HumanEval_44 | Category: humaneval | Question Time: 7.75s | Baseline: 4.14s | TALON: 3.60s | Overhead: 0.00s | Speedup: 1.15x | Parity: True
2026-08-02 20:02:30,493 | INFO | Question 541/644 finished in 7.75 seconds
2026-08-02 20:02:30,493 | INFO | Processing sample 542/644 (id=HumanEval_129, category=humaneval)
2026-08-02 20:02:43,265 | INFO | Sample 542/644 | ID: HumanEval_129 | Category: humaneval | Question Time: 12.77s | Baseline: 7.03s | TALON: 5.73s | Overhead: 0.01s | Speedup: 1.23x | Parity: True
2026-08-02 20:02:43,265 | INFO | Question 542/644 finished in 12.77 seconds
2026-08-02 20:02:43,265 | INFO | Processing sample 543/644 (id=specbench_399, category=qa)
2026-08-02 20:02:52,611 | INFO | Sample 543/644 | ID: specbench_399 | Category: qa | Question Time: 9.35s | Baseline: 5.21s | TALON: 4.14s | Overhead: 0.00s | Speedup: 1.26x | Parity: True
2026-08-02 20:02:52,611 | INFO | Question 543/644 finished in 9.35 seconds
2026-08-02 20:02:52,611 | INFO | Processing sample 544/644 (id=HumanEval_7, category=humaneval)
2026-08-02 20:02:53,408 | INFO | Sample 544/644 | ID: HumanEval_7 | Category: humaneval | Question Time: 0.80s | Baseline: 0.38s | TALON: 0.42s | Overhead: 0.00s | Speedup: 0.90x | Parity: True
2026-08-02 20:02:53,408 | INFO | Question 544/644 finished in 0.80 seconds
2026-08-02 20:02:53,408 | INFO | Processing sample 545/644 (id=specbench_521, category=rag)
2026-08-02 20:03:17,329 | INFO | Sample 545/644 | ID: specbench_521 | Category: rag | Question Time: 23.92s | Baseline: 13.88s | TALON: 10.04s | Overhead: 0.01s | Speedup: 1.38x | Parity: True
2026-08-02 20:03:17,329 | INFO | Question 545/644 finished in 23.92 seconds
2026-08-02 20:03:17,329 | INFO | Processing sample 546/644 (id=specbench_510, category=rag)
2026-08-02 20:03:41,293 | INFO | Sample 546/644 | ID: specbench_510 | Category: rag | Question Time: 23.96s | Baseline: 14.12s | TALON: 9.83s | Overhead: 0.01s | Speedup: 1.44x | Parity: True
2026-08-02 20:03:41,293 | INFO | Question 546/644 finished in 23.96 seconds
2026-08-02 20:03:41,293 | INFO | Processing sample 547/644 (id=specbench_299, category=summarization)
2026-08-02 20:03:57,461 | INFO | Sample 547/644 | ID: specbench_299 | Category: summarization | Question Time: 16.17s | Baseline: 9.56s | TALON: 6.60s | Overhead: 0.00s | Speedup: 1.45x | Parity: True
2026-08-02 20:03:57,461 | INFO | Question 547/644 finished in 16.17 seconds
2026-08-02 20:03:57,462 | INFO | Processing sample 548/644 (id=specbench_322, category=qa)
2026-08-02 20:04:19,024 | INFO | Sample 548/644 | ID: specbench_322 | Category: qa | Question Time: 21.56s | Baseline: 12.17s | TALON: 9.39s | Overhead: 0.00s | Speedup: 1.30x | Parity: True
2026-08-02 20:04:19,025 | INFO | Question 548/644 finished in 21.56 seconds
2026-08-02 20:04:19,025 | INFO | Processing sample 549/644 (id=HumanEval_38, category=humaneval)
2026-08-02 20:04:40,667 | INFO | Sample 549/644 | ID: HumanEval_38 | Category: humaneval | Question Time: 21.64s | Baseline: 12.49s | TALON: 9.15s | Overhead: 0.00s | Speedup: 1.37x | Parity: True
2026-08-02 20:04:40,667 | INFO | Question 549/644 finished in 21.64 seconds
2026-08-02 20:04:40,667 | INFO | Processing sample 550/644 (id=specbench_137, category=extraction)
2026-08-02 20:04:41,067 | INFO | Sample 550/644 | ID: specbench_137 | Category: extraction | Question Time: 0.40s | Baseline: 0.12s | TALON: 0.27s | Overhead: 0.00s | Speedup: 0.46x | Parity: True
2026-08-02 20:04:41,067 | INFO | Question 550/644 finished in 0.40 seconds
2026-08-02 20:04:41,067 | INFO | Processing sample 551/644 (id=HumanEval_94, category=humaneval)
2026-08-02 20:05:03,481 | INFO | Sample 551/644 | ID: HumanEval_94 | Category: humaneval | Question Time: 22.41s | Baseline: 12.82s | TALON: 9.59s | Overhead: 0.00s | Speedup: 1.34x | Parity: True
2026-08-02 20:05:03,481 | INFO | Question 551/644 finished in 22.41 seconds
2026-08-02 20:05:03,481 | INFO | Processing sample 552/644 (id=specbench_328, category=qa)
2026-08-02 20:05:06,298 | INFO | Sample 552/644 | ID: specbench_328 | Category: qa | Question Time: 2.82s | Baseline: 1.41s | TALON: 1.40s | Overhead: 0.00s | Speedup: 1.01x | Parity: True
2026-08-02 20:05:06,298 | INFO | Question 552/644 finished in 2.82 seconds
2026-08-02 20:05:06,299 | INFO | Processing sample 553/644 (id=specbench_139, category=extraction)
2026-08-02 20:05:27,983 | INFO | Sample 553/644 | ID: specbench_139 | Category: extraction | Question Time: 21.68s | Baseline: 12.48s | TALON: 9.20s | Overhead: 0.00s | Speedup: 1.36x | Parity: True
2026-08-02 20:05:27,983 | INFO | Question 553/644 finished in 21.68 seconds
2026-08-02 20:05:27,983 | INFO | Processing sample 554/644 (id=specbench_336, category=qa)
2026-08-02 20:05:48,593 | INFO | Sample 554/644 | ID: specbench_336 | Category: qa | Question Time: 20.61s | Baseline: 12.20s | TALON: 8.41s | Overhead: 0.00s | Speedup: 1.45x | Parity: True
2026-08-02 20:05:48,593 | INFO | Question 554/644 finished in 20.61 seconds
2026-08-02 20:05:48,593 | INFO | Processing sample 555/644 (id=specbench_248, category=summarization)
2026-08-02 20:06:14,153 | INFO | Sample 555/644 | ID: specbench_248 | Category: summarization | Question Time: 25.56s | Baseline: 14.98s | TALON: 10.56s | Overhead: 0.01s | Speedup: 1.42x | Parity: True
2026-08-02 20:06:14,153 | INFO | Question 555/644 finished in 25.56 seconds
2026-08-02 20:06:14,153 | INFO | Processing sample 556/644 (id=specbench_426, category=math_reasoning)
2026-08-02 20:06:15,310 | INFO | Sample 556/644 | ID: specbench_426 | Category: math_reasoning | Question Time: 1.16s | Baseline: 0.58s | TALON: 0.58s | Overhead: 0.00s | Speedup: 1.00x | Parity: True
2026-08-02 20:06:15,310 | INFO | Question 556/644 finished in 1.16 seconds
2026-08-02 20:06:15,310 | INFO | Processing sample 557/644 (id=specbench_257, category=summarization)
2026-08-02 20:06:39,722 | INFO | Sample 557/644 | ID: specbench_257 | Category: summarization | Question Time: 24.41s | Baseline: 14.14s | TALON: 10.26s | Overhead: 0.01s | Speedup: 1.38x | Parity: True
2026-08-02 20:06:39,722 | INFO | Question 557/644 finished in 24.41 seconds
2026-08-02 20:06:39,722 | INFO | Processing sample 558/644 (id=specbench_174, category=translation)
2026-08-02 20:07:00,847 | INFO | Sample 558/644 | ID: specbench_174 | Category: translation | Question Time: 21.12s | Baseline: 12.20s | TALON: 8.93s | Overhead: 0.00s | Speedup: 1.37x | Parity: True
2026-08-02 20:07:00,847 | INFO | Question 558/644 finished in 21.12 seconds
2026-08-02 20:07:00,847 | INFO | Processing sample 559/644 (id=specbench_339, category=qa)
2026-08-02 20:07:21,908 | INFO | Sample 559/644 | ID: specbench_339 | Category: qa | Question Time: 21.06s | Baseline: 12.18s | TALON: 8.88s | Overhead: 0.00s | Speedup: 1.37x | Parity: True
2026-08-02 20:07:21,908 | INFO | Question 559/644 finished in 21.06 seconds
2026-08-02 20:07:21,908 | INFO | Processing sample 560/644 (id=specbench_393, category=qa)
2026-08-02 20:07:42,525 | INFO | Sample 560/644 | ID: specbench_393 | Category: qa | Question Time: 20.62s | Baseline: 12.18s | TALON: 8.43s | Overhead: 0.00s | Speedup: 1.45x | Parity: True
2026-08-02 20:07:42,525 | INFO | Question 560/644 finished in 20.62 seconds
2026-08-02 20:07:42,525 | INFO | Processing sample 561/644 (id=specbench_244, category=summarization)
2026-08-02 20:08:07,021 | INFO | Sample 561/644 | ID: specbench_244 | Category: summarization | Question Time: 24.50s | Baseline: 14.35s | TALON: 10.14s | Overhead: 0.01s | Speedup: 1.42x | Parity: True
2026-08-02 20:08:07,021 | INFO | Question 561/644 finished in 24.50 seconds
2026-08-02 20:08:07,021 | INFO | Processing sample 562/644 (id=specbench_256, category=summarization)
2026-08-02 20:08:31,286 | INFO | Sample 562/644 | ID: specbench_256 | Category: summarization | Question Time: 24.26s | Baseline: 14.36s | TALON: 9.90s | Overhead: 0.01s | Speedup: 1.45x | Parity: True
2026-08-02 20:08:31,286 | INFO | Question 562/644 finished in 24.26 seconds
2026-08-02 20:08:31,286 | INFO | Processing sample 563/644 (id=specbench_279, category=summarization)
2026-08-02 20:08:58,121 | INFO | Sample 563/644 | ID: specbench_279 | Category: summarization | Question Time: 26.83s | Baseline: 15.30s | TALON: 11.52s | Overhead: 0.01s | Speedup: 1.33x | Parity: True
2026-08-02 20:08:58,121 | INFO | Question 563/644 finished in 26.83 seconds
2026-08-02 20:08:58,121 | INFO | Processing sample 564/644 (id=specbench_531, category=rag)
2026-08-02 20:09:21,542 | INFO | Sample 564/644 | ID: specbench_531 | Category: rag | Question Time: 23.42s | Baseline: 13.66s | TALON: 9.75s | Overhead: 0.01s | Speedup: 1.40x | Parity: True
2026-08-02 20:09:21,542 | INFO | Question 564/644 finished in 23.42 seconds
2026-08-02 20:09:21,542 | INFO | Processing sample 565/644 (id=specbench_308, category=summarization)
2026-08-02 20:09:40,719 | INFO | Sample 565/644 | ID: specbench_308 | Category: summarization | Question Time: 19.18s | Baseline: 11.27s | TALON: 7.90s | Overhead: 0.01s | Speedup: 1.43x | Parity: True
2026-08-02 20:09:40,719 | INFO | Question 565/644 finished in 19.18 seconds
2026-08-02 20:09:40,719 | INFO | Processing sample 566/644 (id=HumanEval_108, category=humaneval)
2026-08-02 20:09:43,820 | INFO | Sample 566/644 | ID: HumanEval_108 | Category: humaneval | Question Time: 3.10s | Baseline: 1.67s | TALON: 1.42s | Overhead: 0.00s | Speedup: 1.17x | Parity: True
2026-08-02 20:09:43,820 | INFO | Question 566/644 finished in 3.10 seconds
2026-08-02 20:09:43,820 | INFO | Processing sample 567/644 (id=HumanEval_51, category=humaneval)
2026-08-02 20:09:45,887 | INFO | Sample 567/644 | ID: HumanEval_51 | Category: humaneval | Question Time: 2.07s | Baseline: 1.09s | TALON: 0.98s | Overhead: 0.00s | Speedup: 1.11x | Parity: True
2026-08-02 20:09:45,887 | INFO | Question 567/644 finished in 2.07 seconds
2026-08-02 20:09:45,887 | INFO | Processing sample 568/644 (id=HumanEval_10, category=humaneval)
2026-08-02 20:09:50,038 | INFO | Sample 568/644 | ID: HumanEval_10 | Category: humaneval | Question Time: 4.15s | Baseline: 2.12s | TALON: 2.03s | Overhead: 0.00s | Speedup: 1.04x | Parity: True
2026-08-02 20:09:50,038 | INFO | Question 568/644 finished in 4.15 seconds
2026-08-02 20:09:50,038 | INFO | Processing sample 569/644 (id=specbench_509, category=rag)
2026-08-02 20:10:14,227 | INFO | Sample 569/644 | ID: specbench_509 | Category: rag | Question Time: 24.19s | Baseline: 13.83s | TALON: 10.35s | Overhead: 0.01s | Speedup: 1.34x | Parity: True
2026-08-02 20:10:14,227 | INFO | Question 569/644 finished in 24.19 seconds
2026-08-02 20:10:14,227 | INFO | Processing sample 570/644 (id=specbench_100, category=roleplay)
2026-08-02 20:10:35,261 | INFO | Sample 570/644 | ID: specbench_100 | Category: roleplay | Question Time: 21.03s | Baseline: 12.25s | TALON: 8.78s | Overhead: 0.00s | Speedup: 1.40x | Parity: True
2026-08-02 20:10:35,261 | INFO | Question 570/644 finished in 21.03 seconds
2026-08-02 20:10:35,261 | INFO | Processing sample 571/644 (id=specbench_275, category=summarization)
2026-08-02 20:10:56,703 | INFO | Sample 571/644 | ID: specbench_275 | Category: summarization | Question Time: 21.44s | Baseline: 12.63s | TALON: 8.81s | Overhead: 0.00s | Speedup: 1.43x | Parity: True
2026-08-02 20:10:56,703 | INFO | Question 571/644 finished in 21.44 seconds
2026-08-02 20:10:56,703 | INFO | Processing sample 572/644 (id=specbench_506, category=rag)
2026-08-02 20:11:22,146 | INFO | Sample 572/644 | ID: specbench_506 | Category: rag | Question Time: 25.44s | Baseline: 13.92s | TALON: 11.52s | Overhead: 0.01s | Speedup: 1.21x | Parity: True
2026-08-02 20:11:22,146 | INFO | Question 572/644 finished in 25.44 seconds
2026-08-02 20:11:22,146 | INFO | Processing sample 573/644 (id=specbench_191, category=translation)
2026-08-02 20:11:43,051 | INFO | Sample 573/644 | ID: specbench_191 | Category: translation | Question Time: 20.90s | Baseline: 12.19s | TALON: 8.71s | Overhead: 0.00s | Speedup: 1.40x | Parity: True
2026-08-02 20:11:43,051 | INFO | Question 573/644 finished in 20.90 seconds
2026-08-02 20:11:43,051 | INFO | Processing sample 574/644 (id=specbench_538, category=rag)
2026-08-02 20:12:06,857 | INFO | Sample 574/644 | ID: specbench_538 | Category: rag | Question Time: 23.81s | Baseline: 13.84s | TALON: 9.96s | Overhead: 0.01s | Speedup: 1.39x | Parity: True
2026-08-02 20:12:06,857 | INFO | Question 574/644 finished in 23.81 seconds
2026-08-02 20:12:06,857 | INFO | Processing sample 575/644 (id=specbench_272, category=summarization)
2026-08-02 20:12:30,110 | INFO | Sample 575/644 | ID: specbench_272 | Category: summarization | Question Time: 23.25s | Baseline: 13.78s | TALON: 9.47s | Overhead: 0.01s | Speedup: 1.46x | Parity: True
2026-08-02 20:12:30,110 | INFO | Question 575/644 finished in 23.25 seconds
2026-08-02 20:12:30,110 | INFO | Processing sample 576/644 (id=specbench_475, category=math_reasoning)
2026-08-02 20:12:51,675 | INFO | Sample 576/644 | ID: specbench_475 | Category: math_reasoning | Question Time: 21.56s | Baseline: 12.24s | TALON: 9.32s | Overhead: 0.00s | Speedup: 1.31x | Parity: True
2026-08-02 20:12:51,675 | INFO | Question 576/644 finished in 21.56 seconds
2026-08-02 20:12:51,675 | INFO | Processing sample 577/644 (id=specbench_233, category=translation)
2026-08-02 20:13:12,887 | INFO | Sample 577/644 | ID: specbench_233 | Category: translation | Question Time: 21.21s | Baseline: 12.24s | TALON: 8.97s | Overhead: 0.00s | Speedup: 1.36x | Parity: True
2026-08-02 20:13:12,887 | INFO | Question 577/644 finished in 21.21 seconds
2026-08-02 20:13:12,887 | INFO | Processing sample 578/644 (id=specbench_119, category=math)
2026-08-02 20:13:14,363 | INFO | Sample 578/644 | ID: specbench_119 | Category: math | Question Time: 1.48s | Baseline: 0.73s | TALON: 0.75s | Overhead: 0.00s | Speedup: 0.97x | Parity: True
2026-08-02 20:13:14,363 | INFO | Question 578/644 finished in 1.48 seconds
2026-08-02 20:13:14,363 | INFO | Processing sample 579/644 (id=specbench_152, category=humanities)
2026-08-02 20:13:35,085 | INFO | Sample 579/644 | ID: specbench_152 | Category: humanities | Question Time: 20.72s | Baseline: 12.18s | TALON: 8.54s | Overhead: 0.00s | Speedup: 1.43x | Parity: True
2026-08-02 20:13:35,085 | INFO | Question 579/644 finished in 20.72 seconds
2026-08-02 20:13:35,085 | INFO | Processing sample 580/644 (id=specbench_333, category=qa)
2026-08-02 20:13:43,983 | INFO | Sample 580/644 | ID: specbench_333 | Category: qa | Question Time: 8.90s | Baseline: 5.06s | TALON: 3.83s | Overhead: 0.00s | Speedup: 1.32x | Parity: True
2026-08-02 20:13:43,983 | INFO | Question 580/644 finished in 8.90 seconds
2026-08-02 20:13:43,983 | INFO | Processing sample 581/644 (id=HumanEval_66, category=humaneval)
2026-08-02 20:13:44,847 | INFO | Sample 581/644 | ID: HumanEval_66 | Category: humaneval | Question Time: 0.86s | Baseline: 0.42s | TALON: 0.44s | Overhead: 0.00s | Speedup: 0.94x | Parity: True
2026-08-02 20:13:44,847 | INFO | Question 581/644 finished in 0.86 seconds
2026-08-02 20:13:44,847 | INFO | Processing sample 582/644 (id=specbench_372, category=qa)
2026-08-02 20:14:05,657 | INFO | Sample 582/644 | ID: specbench_372 | Category: qa | Question Time: 20.81s | Baseline: 12.17s | TALON: 8.63s | Overhead: 0.00s | Speedup: 1.41x | Parity: True
2026-08-02 20:14:05,657 | INFO | Question 582/644 finished in 20.81 seconds
2026-08-02 20:14:05,657 | INFO | Processing sample 583/644 (id=HumanEval_106, category=humaneval)
2026-08-02 20:14:07,347 | INFO | Sample 583/644 | ID: HumanEval_106 | Category: humaneval | Question Time: 1.69s | Baseline: 0.88s | TALON: 0.80s | Overhead: 0.00s | Speedup: 1.10x | Parity: True
2026-08-02 20:14:07,347 | INFO | Question 583/644 finished in 1.69 seconds
2026-08-02 20:14:07,347 | INFO | Processing sample 584/644 (id=specbench_420, category=math_reasoning)
2026-08-02 20:14:08,660 | INFO | Sample 584/644 | ID: specbench_420 | Category: math_reasoning | Question Time: 1.31s | Baseline: 0.67s | TALON: 0.64s | Overhead: 0.00s | Speedup: 1.04x | Parity: True
2026-08-02 20:14:08,660 | INFO | Question 584/644 finished in 1.31 seconds
2026-08-02 20:14:08,660 | INFO | Processing sample 585/644 (id=HumanEval_2, category=humaneval)
2026-08-02 20:14:29,855 | INFO | Sample 585/644 | ID: HumanEval_2 | Category: humaneval | Question Time: 21.19s | Baseline: 12.34s | TALON: 8.85s | Overhead: 0.00s | Speedup: 1.39x | Parity: True
2026-08-02 20:14:29,855 | INFO | Question 585/644 finished in 21.19 seconds
2026-08-02 20:14:29,855 | INFO | Processing sample 586/644 (id=specbench_182, category=translation)
2026-08-02 20:14:51,269 | INFO | Sample 586/644 | ID: specbench_182 | Category: translation | Question Time: 21.41s | Baseline: 12.23s | TALON: 9.18s | Overhead: 0.00s | Speedup: 1.33x | Parity: True
2026-08-02 20:14:51,270 | INFO | Question 586/644 finished in 21.41 seconds
2026-08-02 20:14:51,270 | INFO | Processing sample 587/644 (id=specbench_545, category=rag)
2026-08-02 20:15:15,647 | INFO | Sample 587/644 | ID: specbench_545 | Category: rag | Question Time: 24.38s | Baseline: 14.03s | TALON: 10.34s | Overhead: 0.01s | Speedup: 1.36x | Parity: True
2026-08-02 20:15:15,647 | INFO | Question 587/644 finished in 24.38 seconds
2026-08-02 20:15:15,647 | INFO | Processing sample 588/644 (id=HumanEval_124, category=humaneval)
2026-08-02 20:15:25,844 | INFO | Sample 588/644 | ID: HumanEval_124 | Category: humaneval | Question Time: 10.20s | Baseline: 5.53s | TALON: 4.66s | Overhead: 0.00s | Speedup: 1.19x | Parity: True
2026-08-02 20:15:25,844 | INFO | Question 588/644 finished in 10.20 seconds
2026-08-02 20:15:25,844 | INFO | Processing sample 589/644 (id=specbench_327, category=qa)
2026-08-02 20:15:47,099 | INFO | Sample 589/644 | ID: specbench_327 | Category: qa | Question Time: 21.25s | Baseline: 12.20s | TALON: 9.05s | Overhead: 0.00s | Speedup: 1.35x | Parity: True
2026-08-02 20:15:47,099 | INFO | Question 589/644 finished in 21.25 seconds
2026-08-02 20:15:47,099 | INFO | Processing sample 590/644 (id=specbench_276, category=summarization)
2026-08-02 20:16:10,333 | INFO | Sample 590/644 | ID: specbench_276 | Category: summarization | Question Time: 23.23s | Baseline: 13.58s | TALON: 9.64s | Overhead: 0.01s | Speedup: 1.41x | Parity: True
2026-08-02 20:16:10,333 | INFO | Question 590/644 finished in 23.23 seconds
2026-08-02 20:16:10,333 | INFO | Processing sample 591/644 (id=specbench_195, category=translation)
2026-08-02 20:16:31,242 | INFO | Sample 591/644 | ID: specbench_195 | Category: translation | Question Time: 20.91s | Baseline: 12.21s | TALON: 8.70s | Overhead: 0.00s | Speedup: 1.40x | Parity: True
2026-08-02 20:16:31,242 | INFO | Question 591/644 finished in 20.91 seconds
2026-08-02 20:16:31,242 | INFO | Processing sample 592/644 (id=specbench_391, category=qa)
2026-08-02 20:16:32,679 | INFO | Sample 592/644 | ID: specbench_391 | Category: qa | Question Time: 1.44s | Baseline: 0.75s | TALON: 0.69s | Overhead: 0.00s | Speedup: 1.08x | Parity: True
2026-08-02 20:16:32,679 | INFO | Question 592/644 finished in 1.44 seconds
2026-08-02 20:16:32,679 | INFO | Processing sample 593/644 (id=specbench_559, category=rag)
2026-08-02 20:16:56,752 | INFO | Sample 593/644 | ID: specbench_559 | Category: rag | Question Time: 24.07s | Baseline: 13.98s | TALON: 10.08s | Overhead: 0.01s | Speedup: 1.39x | Parity: True
2026-08-02 20:16:56,752 | INFO | Question 593/644 finished in 24.07 seconds
2026-08-02 20:16:56,752 | INFO | Processing sample 594/644 (id=specbench_171, category=translation)
2026-08-02 20:17:17,519 | INFO | Sample 594/644 | ID: specbench_171 | Category: translation | Question Time: 20.77s | Baseline: 12.23s | TALON: 8.53s | Overhead: 0.00s | Speedup: 1.43x | Parity: True
2026-08-02 20:17:17,519 | INFO | Question 594/644 finished in 20.77 seconds
2026-08-02 20:17:17,519 | INFO | Processing sample 595/644 (id=specbench_90, category=writing)
2026-08-02 20:17:39,116 | INFO | Sample 595/644 | ID: specbench_90 | Category: writing | Question Time: 21.60s | Baseline: 12.34s | TALON: 9.25s | Overhead: 0.00s | Speedup: 1.33x | Parity: True
2026-08-02 20:17:39,117 | INFO | Question 595/644 finished in 21.60 seconds
2026-08-02 20:17:39,117 | INFO | Processing sample 596/644 (id=specbench_290, category=summarization)
2026-08-02 20:17:43,240 | INFO | Sample 596/644 | ID: specbench_290 | Category: summarization | Question Time: 4.12s | Baseline: 2.03s | TALON: 2.09s | Overhead: 0.01s | Speedup: 0.97x | Parity: True
2026-08-02 20:17:43,240 | INFO | Question 596/644 finished in 4.12 seconds
2026-08-02 20:17:43,240 | INFO | Processing sample 597/644 (id=specbench_255, category=summarization)
2026-08-02 20:18:06,338 | INFO | Sample 597/644 | ID: specbench_255 | Category: summarization | Question Time: 23.10s | Baseline: 13.65s | TALON: 9.44s | Overhead: 0.01s | Speedup: 1.44x | Parity: True
2026-08-02 20:18:06,338 | INFO | Question 597/644 finished in 23.10 seconds
2026-08-02 20:18:06,338 | INFO | Processing sample 598/644 (id=specbench_146, category=stem)
2026-08-02 20:18:29,405 | INFO | Sample 598/644 | ID: specbench_146 | Category: stem | Question Time: 23.07s | Baseline: 12.23s | TALON: 10.84s | Overhead: 0.00s | Speedup: 1.13x | Parity: True
2026-08-02 20:18:29,405 | INFO | Question 598/644 finished in 23.07 seconds
2026-08-02 20:18:29,405 | INFO | Processing sample 599/644 (id=HumanEval_48, category=humaneval)
2026-08-02 20:18:29,960 | INFO | Sample 599/644 | ID: HumanEval_48 | Category: humaneval | Question Time: 0.56s | Baseline: 0.26s | TALON: 0.29s | Overhead: 0.00s | Speedup: 0.89x | Parity: True
2026-08-02 20:18:29,960 | INFO | Question 599/644 finished in 0.56 seconds
2026-08-02 20:18:29,960 | INFO | Processing sample 600/644 (id=specbench_524, category=rag)
2026-08-02 20:18:54,804 | INFO | Sample 600/644 | ID: specbench_524 | Category: rag | Question Time: 24.84s | Baseline: 13.95s | TALON: 10.89s | Overhead: 0.01s | Speedup: 1.28x | Parity: True
2026-08-02 20:18:54,804 | INFO | Question 600/644 finished in 24.84 seconds
2026-08-02 20:18:54,804 | INFO | Processing sample 601/644 (id=HumanEval_23, category=humaneval)
2026-08-02 20:19:16,788 | INFO | Sample 601/644 | ID: HumanEval_23 | Category: humaneval | Question Time: 21.98s | Baseline: 12.23s | TALON: 9.75s | Overhead: 0.00s | Speedup: 1.25x | Parity: True
2026-08-02 20:19:16,788 | INFO | Question 601/644 finished in 21.98 seconds
2026-08-02 20:19:16,788 | INFO | Processing sample 602/644 (id=specbench_296, category=summarization)
2026-08-02 20:19:40,711 | INFO | Sample 602/644 | ID: specbench_296 | Category: summarization | Question Time: 23.92s | Baseline: 14.19s | TALON: 9.72s | Overhead: 0.01s | Speedup: 1.46x | Parity: True
2026-08-02 20:19:40,711 | INFO | Question 602/644 finished in 23.92 seconds
2026-08-02 20:19:40,711 | INFO | Processing sample 603/644 (id=HumanEval_120, category=humaneval)
2026-08-02 20:19:41,593 | INFO | Sample 603/644 | ID: HumanEval_120 | Category: humaneval | Question Time: 0.88s | Baseline: 0.36s | TALON: 0.52s | Overhead: 0.00s | Speedup: 0.70x | Parity: True
2026-08-02 20:19:41,593 | INFO | Question 603/644 finished in 0.88 seconds
2026-08-02 20:19:41,593 | INFO | Processing sample 604/644 (id=specbench_242, category=summarization)
2026-08-02 20:20:04,338 | INFO | Sample 604/644 | ID: specbench_242 | Category: summarization | Question Time: 22.74s | Baseline: 13.28s | TALON: 9.46s | Overhead: 0.01s | Speedup: 1.40x | Parity: True
2026-08-02 20:20:04,338 | INFO | Question 604/644 finished in 22.74 seconds
2026-08-02 20:20:04,338 | INFO | Processing sample 605/644 (id=specbench_553, category=rag)
2026-08-02 20:20:27,456 | INFO | Sample 605/644 | ID: specbench_553 | Category: rag | Question Time: 23.12s | Baseline: 13.64s | TALON: 9.47s | Overhead: 0.01s | Speedup: 1.44x | Parity: True
2026-08-02 20:20:27,456 | INFO | Question 605/644 finished in 23.12 seconds
2026-08-02 20:20:27,456 | INFO | Processing sample 606/644 (id=specbench_379, category=qa)
2026-08-02 20:20:49,484 | INFO | Sample 606/644 | ID: specbench_379 | Category: qa | Question Time: 22.03s | Baseline: 12.18s | TALON: 9.85s | Overhead: 0.00s | Speedup: 1.24x | Parity: True
2026-08-02 20:20:49,484 | INFO | Question 606/644 finished in 22.03 seconds
2026-08-02 20:20:49,484 | INFO | Processing sample 607/644 (id=specbench_397, category=qa)
2026-08-02 20:21:10,754 | INFO | Sample 607/644 | ID: specbench_397 | Category: qa | Question Time: 21.27s | Baseline: 12.18s | TALON: 9.09s | Overhead: 0.00s | Speedup: 1.34x | Parity: True
2026-08-02 20:21:10,755 | INFO | Question 607/644 finished in 21.27 seconds
2026-08-02 20:21:10,755 | INFO | Processing sample 608/644 (id=HumanEval_52, category=humaneval)
2026-08-02 20:21:11,450 | INFO | Sample 608/644 | ID: HumanEval_52 | Category: humaneval | Question Time: 0.69s | Baseline: 0.33s | TALON: 0.36s | Overhead: 0.00s | Speedup: 0.91x | Parity: True
2026-08-02 20:21:11,450 | INFO | Question 608/644 finished in 0.69 seconds
2026-08-02 20:21:11,450 | INFO | Processing sample 609/644 (id=specbench_247, category=summarization)
2026-08-02 20:21:34,987 | INFO | Sample 609/644 | ID: specbench_247 | Category: summarization | Question Time: 23.54s | Baseline: 13.80s | TALON: 9.73s | Overhead: 0.01s | Speedup: 1.42x | Parity: True
2026-08-02 20:21:34,987 | INFO | Question 609/644 finished in 23.54 seconds
2026-08-02 20:21:34,987 | INFO | Processing sample 610/644 (id=specbench_398, category=qa)
2026-08-02 20:21:55,747 | INFO | Sample 610/644 | ID: specbench_398 | Category: qa | Question Time: 20.76s | Baseline: 12.19s | TALON: 8.57s | Overhead: 0.00s | Speedup: 1.42x | Parity: True
2026-08-02 20:21:55,747 | INFO | Question 610/644 finished in 20.76 seconds
2026-08-02 20:21:55,747 | INFO | Processing sample 611/644 (id=specbench_238, category=translation)
2026-08-02 20:22:17,191 | INFO | Sample 611/644 | ID: specbench_238 | Category: translation | Question Time: 21.44s | Baseline: 12.32s | TALON: 9.12s | Overhead: 0.00s | Speedup: 1.35x | Parity: True
2026-08-02 20:22:17,191 | INFO | Question 611/644 finished in 21.44 seconds
2026-08-02 20:22:17,191 | INFO | Processing sample 612/644 (id=specbench_313, category=summarization)
2026-08-02 20:22:37,900 | INFO | Sample 612/644 | ID: specbench_313 | Category: summarization | Question Time: 20.71s | Baseline: 12.14s | TALON: 8.56s | Overhead: 0.01s | Speedup: 1.42x | Parity: True
2026-08-02 20:22:37,900 | INFO | Question 612/644 finished in 20.71 seconds
2026-08-02 20:22:37,900 | INFO | Processing sample 613/644 (id=specbench_424, category=math_reasoning)
2026-08-02 20:22:58,751 | INFO | Sample 613/644 | ID: specbench_424 | Category: math_reasoning | Question Time: 20.85s | Baseline: 12.32s | TALON: 8.53s | Overhead: 0.00s | Speedup: 1.44x | Parity: True
2026-08-02 20:22:58,751 | INFO | Question 613/644 finished in 20.85 seconds
2026-08-02 20:22:58,751 | INFO | Processing sample 614/644 (id=specbench_404, category=math_reasoning)
2026-08-02 20:23:00,370 | INFO | Sample 614/644 | ID: specbench_404 | Category: math_reasoning | Question Time: 1.62s | Baseline: 0.83s | TALON: 0.79s | Overhead: 0.00s | Speedup: 1.05x | Parity: True
2026-08-02 20:23:00,370 | INFO | Question 614/644 finished in 1.62 seconds
2026-08-02 20:23:00,370 | INFO | Processing sample 615/644 (id=specbench_131, category=extraction)
2026-08-02 20:23:22,800 | INFO | Sample 615/644 | ID: specbench_131 | Category: extraction | Question Time: 22.43s | Baseline: 12.51s | TALON: 9.92s | Overhead: 0.00s | Speedup: 1.26x | Parity: True
2026-08-02 20:23:22,801 | INFO | Question 615/644 finished in 22.43 seconds
2026-08-02 20:23:22,801 | INFO | Processing sample 616/644 (id=specbench_498, category=rag)
2026-08-02 20:23:47,074 | INFO | Sample 616/644 | ID: specbench_498 | Category: rag | Question Time: 24.27s | Baseline: 14.00s | TALON: 10.27s | Overhead: 0.01s | Speedup: 1.36x | Parity: True
2026-08-02 20:23:47,074 | INFO | Question 616/644 finished in 24.27 seconds
2026-08-02 20:23:47,074 | INFO | Processing sample 617/644 (id=specbench_180, category=translation)
2026-08-02 20:24:08,543 | INFO | Sample 617/644 | ID: specbench_180 | Category: translation | Question Time: 21.47s | Baseline: 12.19s | TALON: 9.28s | Overhead: 0.00s | Speedup: 1.31x | Parity: True
2026-08-02 20:24:08,543 | INFO | Question 617/644 finished in 21.47 seconds
2026-08-02 20:24:08,543 | INFO | Processing sample 618/644 (id=HumanEval_55, category=humaneval)
2026-08-02 20:24:10,245 | INFO | Sample 618/644 | ID: HumanEval_55 | Category: humaneval | Question Time: 1.70s | Baseline: 0.91s | TALON: 0.79s | Overhead: 0.00s | Speedup: 1.14x | Parity: True
2026-08-02 20:24:10,245 | INFO | Question 618/644 finished in 1.70 seconds
2026-08-02 20:24:10,245 | INFO | Processing sample 619/644 (id=HumanEval_45, category=humaneval)
2026-08-02 20:24:31,564 | INFO | Sample 619/644 | ID: HumanEval_45 | Category: humaneval | Question Time: 21.32s | Baseline: 12.24s | TALON: 9.07s | Overhead: 0.00s | Speedup: 1.35x | Parity: True
2026-08-02 20:24:31,564 | INFO | Question 619/644 finished in 21.32 seconds
2026-08-02 20:24:31,564 | INFO | Processing sample 620/644 (id=specbench_229, category=translation)
2026-08-02 20:24:52,277 | INFO | Sample 620/644 | ID: specbench_229 | Category: translation | Question Time: 20.71s | Baseline: 12.22s | TALON: 8.49s | Overhead: 0.00s | Speedup: 1.44x | Parity: True
2026-08-02 20:24:52,277 | INFO | Question 620/644 finished in 20.71 seconds
2026-08-02 20:24:52,277 | INFO | Processing sample 621/644 (id=specbench_413, category=math_reasoning)
2026-08-02 20:24:53,431 | INFO | Sample 621/644 | ID: specbench_413 | Category: math_reasoning | Question Time: 1.15s | Baseline: 0.57s | TALON: 0.58s | Overhead: 0.00s | Speedup: 0.98x | Parity: True
2026-08-02 20:24:53,431 | INFO | Question 621/644 finished in 1.15 seconds
2026-08-02 20:24:53,431 | INFO | Processing sample 622/644 (id=specbench_337, category=qa)
2026-08-02 20:24:55,940 | INFO | Sample 622/644 | ID: specbench_337 | Category: qa | Question Time: 2.51s | Baseline: 1.26s | TALON: 1.25s | Overhead: 0.00s | Speedup: 1.01x | Parity: True
2026-08-02 20:24:55,940 | INFO | Question 622/644 finished in 2.51 seconds
2026-08-02 20:24:55,940 | INFO | Processing sample 623/644 (id=specbench_197, category=translation)
2026-08-02 20:25:16,847 | INFO | Sample 623/644 | ID: specbench_197 | Category: translation | Question Time: 20.91s | Baseline: 12.30s | TALON: 8.60s | Overhead: 0.00s | Speedup: 1.43x | Parity: True
2026-08-02 20:25:16,847 | INFO | Question 623/644 finished in 20.91 seconds
2026-08-02 20:25:16,847 | INFO | Processing sample 624/644 (id=specbench_401, category=math_reasoning)
2026-08-02 20:25:18,232 | INFO | Sample 624/644 | ID: specbench_401 | Category: math_reasoning | Question Time: 1.38s | Baseline: 0.69s | TALON: 0.69s | Overhead: 0.00s | Speedup: 0.99x | Parity: True
2026-08-02 20:25:18,232 | INFO | Question 624/644 finished in 1.38 seconds
2026-08-02 20:25:18,232 | INFO | Processing sample 625/644 (id=HumanEval_139, category=humaneval)
2026-08-02 20:25:20,010 | INFO | Sample 625/644 | ID: HumanEval_139 | Category: humaneval | Question Time: 1.78s | Baseline: 0.94s | TALON: 0.84s | Overhead: 0.00s | Speedup: 1.12x | Parity: True
2026-08-02 20:25:20,011 | INFO | Question 625/644 finished in 1.78 seconds
2026-08-02 20:25:20,011 | INFO | Processing sample 626/644 (id=specbench_261, category=summarization)
2026-08-02 20:25:41,856 | INFO | Sample 626/644 | ID: specbench_261 | Category: summarization | Question Time: 21.85s | Baseline: 12.87s | TALON: 8.97s | Overhead: 0.01s | Speedup: 1.43x | Parity: True
2026-08-02 20:25:41,856 | INFO | Question 626/644 finished in 21.85 seconds
2026-08-02 20:25:41,856 | INFO | Processing sample 627/644 (id=specbench_135, category=extraction)
2026-08-02 20:26:04,000 | INFO | Sample 627/644 | ID: specbench_135 | Category: extraction | Question Time: 22.14s | Baseline: 12.50s | TALON: 9.64s | Overhead: 0.00s | Speedup: 1.30x | Parity: True
2026-08-02 20:26:04,000 | INFO | Question 627/644 finished in 22.14 seconds
2026-08-02 20:26:04,000 | INFO | Processing sample 628/644 (id=specbench_552, category=rag)
2026-08-02 20:26:27,651 | INFO | Sample 628/644 | ID: specbench_552 | Category: rag | Question Time: 23.65s | Baseline: 13.76s | TALON: 9.88s | Overhead: 0.01s | Speedup: 1.39x | Parity: True
2026-08-02 20:26:27,651 | INFO | Question 628/644 finished in 23.65 seconds
2026-08-02 20:26:27,651 | INFO | Processing sample 629/644 (id=specbench_287, category=summarization)
2026-08-02 20:26:41,986 | INFO | Sample 629/644 | ID: specbench_287 | Category: summarization | Question Time: 14.33s | Baseline: 8.37s | TALON: 5.96s | Overhead: 0.01s | Speedup: 1.40x | Parity: True
2026-08-02 20:26:41,986 | INFO | Question 629/644 finished in 14.33 seconds
2026-08-02 20:26:41,986 | INFO | Processing sample 630/644 (id=specbench_141, category=stem)
2026-08-02 20:27:05,600 | INFO | Sample 630/644 | ID: specbench_141 | Category: stem | Question Time: 23.61s | Baseline: 12.19s | TALON: 11.42s | Overhead: 0.00s | Speedup: 1.07x | Parity: True
2026-08-02 20:27:05,600 | INFO | Question 630/644 finished in 23.61 seconds
2026-08-02 20:27:05,600 | INFO | Processing sample 631/644 (id=specbench_213, category=translation)
2026-08-02 20:27:26,349 | INFO | Sample 631/644 | ID: specbench_213 | Category: translation | Question Time: 20.75s | Baseline: 12.24s | TALON: 8.51s | Overhead: 0.00s | Speedup: 1.44x | Parity: True
2026-08-02 20:27:26,349 | INFO | Question 631/644 finished in 20.75 seconds
2026-08-02 20:27:26,349 | INFO | Processing sample 632/644 (id=HumanEval_60, category=humaneval)
2026-08-02 20:27:27,772 | INFO | Sample 632/644 | ID: HumanEval_60 | Category: humaneval | Question Time: 1.42s | Baseline: 0.73s | TALON: 0.69s | Overhead: 0.00s | Speedup: 1.05x | Parity: True
2026-08-02 20:27:27,772 | INFO | Question 632/644 finished in 1.42 seconds
2026-08-02 20:27:27,772 | INFO | Processing sample 633/644 (id=specbench_110, category=reasoning)
2026-08-02 20:27:29,420 | INFO | Sample 633/644 | ID: specbench_110 | Category: reasoning | Question Time: 1.65s | Baseline: 0.78s | TALON: 0.87s | Overhead: 0.00s | Speedup: 0.89x | Parity: True
2026-08-02 20:27:29,421 | INFO | Question 633/644 finished in 1.65 seconds
2026-08-02 20:27:29,421 | INFO | Processing sample 634/644 (id=specbench_532, category=rag)
2026-08-02 20:27:54,064 | INFO | Sample 634/644 | ID: specbench_532 | Category: rag | Question Time: 24.64s | Baseline: 13.93s | TALON: 10.70s | Overhead: 0.01s | Speedup: 1.30x | Parity: True
2026-08-02 20:27:54,064 | INFO | Question 634/644 finished in 24.64 seconds
2026-08-02 20:27:54,065 | INFO | Processing sample 635/644 (id=specbench_364, category=qa)
2026-08-02 20:28:14,944 | INFO | Sample 635/644 | ID: specbench_364 | Category: qa | Question Time: 20.88s | Baseline: 12.16s | TALON: 8.71s | Overhead: 0.00s | Speedup: 1.40x | Parity: True
2026-08-02 20:28:14,944 | INFO | Question 635/644 finished in 20.88 seconds
2026-08-02 20:28:14,944 | INFO | Processing sample 636/644 (id=specbench_437, category=math_reasoning)
2026-08-02 20:28:16,344 | INFO | Sample 636/644 | ID: specbench_437 | Category: math_reasoning | Question Time: 1.40s | Baseline: 0.71s | TALON: 0.68s | Overhead: 0.00s | Speedup: 1.05x | Parity: True
2026-08-02 20:28:16,344 | INFO | Question 636/644 finished in 1.40 seconds
2026-08-02 20:28:16,344 | INFO | Processing sample 637/644 (id=specbench_212, category=translation)
2026-08-02 20:28:37,213 | INFO | Sample 637/644 | ID: specbench_212 | Category: translation | Question Time: 20.87s | Baseline: 12.19s | TALON: 8.67s | Overhead: 0.00s | Speedup: 1.41x | Parity: True
2026-08-02 20:28:37,213 | INFO | Question 637/644 finished in 20.87 seconds
2026-08-02 20:28:37,213 | INFO | Processing sample 638/644 (id=specbench_292, category=summarization)
2026-08-02 20:29:00,310 | INFO | Sample 638/644 | ID: specbench_292 | Category: summarization | Question Time: 23.10s | Baseline: 13.64s | TALON: 9.45s | Overhead: 0.01s | Speedup: 1.44x | Parity: True
2026-08-02 20:29:00,310 | INFO | Question 638/644 finished in 23.10 seconds
2026-08-02 20:29:00,310 | INFO | Processing sample 639/644 (id=specbench_370, category=qa)
2026-08-02 20:29:21,131 | INFO | Sample 639/644 | ID: specbench_370 | Category: qa | Question Time: 20.82s | Baseline: 12.17s | TALON: 8.65s | Overhead: 0.00s | Speedup: 1.41x | Parity: True
2026-08-02 20:29:21,131 | INFO | Question 639/644 finished in 20.82 seconds
2026-08-02 20:29:21,131 | INFO | Processing sample 640/644 (id=specbench_332, category=qa)
2026-08-02 20:29:43,011 | INFO | Sample 640/644 | ID: specbench_332 | Category: qa | Question Time: 21.88s | Baseline: 12.18s | TALON: 9.70s | Overhead: 0.00s | Speedup: 1.26x | Parity: True
2026-08-02 20:29:43,012 | INFO | Question 640/644 finished in 21.88 seconds
2026-08-02 20:29:43,012 | INFO | Processing sample 641/644 (id=specbench_113, category=math)
2026-08-02 20:30:04,714 | INFO | Sample 641/644 | ID: specbench_113 | Category: math | Question Time: 21.70s | Baseline: 12.29s | TALON: 9.41s | Overhead: 0.00s | Speedup: 1.31x | Parity: True
2026-08-02 20:30:04,714 | INFO | Question 641/644 finished in 21.70 seconds
2026-08-02 20:30:04,714 | INFO | Processing sample 642/644 (id=HumanEval_56, category=humaneval)
2026-08-02 20:30:07,421 | INFO | Sample 642/644 | ID: HumanEval_56 | Category: humaneval | Question Time: 2.71s | Baseline: 1.36s | TALON: 1.35s | Overhead: 0.00s | Speedup: 1.01x | Parity: True
2026-08-02 20:30:07,421 | INFO | Question 642/644 finished in 2.71 seconds
2026-08-02 20:30:07,421 | INFO | Processing sample 643/644 (id=HumanEval_113, category=humaneval)
2026-08-02 20:30:08,917 | INFO | Sample 643/644 | ID: HumanEval_113 | Category: humaneval | Question Time: 1.50s | Baseline: 0.73s | TALON: 0.76s | Overhead: 0.00s | Speedup: 0.97x | Parity: True
2026-08-02 20:30:08,917 | INFO | Question 643/644 finished in 1.50 seconds
2026-08-02 20:30:08,917 | INFO | Processing sample 644/644 (id=specbench_550, category=rag)
2026-08-02 20:30:33,319 | INFO | Sample 644/644 | ID: specbench_550 | Category: rag | Question Time: 24.40s | Baseline: 13.94s | TALON: 10.45s | Overhead: 0.01s | Speedup: 1.33x | Parity: True
2026-08-02 20:30:33,319 | INFO | Question 644/644 finished in 24.40 seconds
2026-08-02 20:30:33,319 | INFO | ================================================================================
2026-08-02 20:30:33,319 | INFO | BENCHMARK TIME SUMMARY
2026-08-02 20:30:33,319 | INFO | Total questions attempted: 644
2026-08-02 20:30:33,319 | INFO | Successful questions: 644
2026-08-02 20:30:33,319 | INFO | Failed questions: 0
2026-08-02 20:30:33,319 | INFO | Total processing time: 9437.70 seconds
2026-08-02 20:30:33,319 | INFO | Total processing time: 157.30 minutes
2026-08-02 20:30:33,319 | INFO | Total processing time: 2.62 hours
2026-08-02 20:30:33,319 | INFO | Average time per question: 14.65 seconds
2026-08-02 20:30:33,319 | INFO | ================================================================================
2026-08-02 20:30:33,333 | INFO | SPEEDUP BY DATASET CATEGORY
2026-08-02 20:30:33,333 | INFO | coding           | n= 10 | mean=1.004x | median=1.141x
2026-08-02 20:30:33,333 | INFO | extraction       | n= 10 | mean=1.166x | median=1.242x
2026-08-02 20:30:33,333 | INFO | humaneval        | n=164 | mean=1.056x | median=1.055x
2026-08-02 20:30:33,333 | INFO | humanities       | n= 10 | mean=1.281x | median=1.284x
2026-08-02 20:30:33,334 | INFO | math             | n= 10 | mean=1.282x | median=1.322x
2026-08-02 20:30:33,334 | INFO | math_reasoning   | n= 80 | mean=1.158x | median=1.072x
2026-08-02 20:30:33,334 | INFO | qa               | n= 80 | mean=1.274x | median=1.326x
2026-08-02 20:30:33,334 | INFO | rag              | n= 80 | mean=1.273x | median=1.340x
2026-08-02 20:30:33,334 | INFO | reasoning        | n= 10 | mean=1.090x | median=1.050x
2026-08-02 20:30:33,334 | INFO | roleplay         | n= 10 | mean=1.315x | median=1.358x
2026-08-02 20:30:33,334 | INFO | stem             | n= 10 | mean=1.241x | median=1.227x
2026-08-02 20:30:33,334 | INFO | summarization    | n= 80 | mean=1.379x | median=1.418x
2026-08-02 20:30:33,334 | INFO | translation      | n= 80 | mean=1.403x | median=1.415x
2026-08-02 20:30:33,334 | INFO | writing          | n= 10 | mean=1.236x | median=1.267x
2026-08-02 20:30:33,334 | INFO | ================================================================================
2026-08-02 20:30:33,334 | INFO | Benchmark finished successfully.
